[
  {
    "unique_id": "vgfsavywwcx4fa1fx2dm",
    "base_currency": "EUR",
    "second_currency": "BDT",
    "symbol": "Tk",
    "rate_of_conversion": 100.162209,
    "expression": null,
    "currency_name": null,
    "country_name": "Bangladesh",
    "country_abbr": "BD",
    "created_at": "2021-07-15 07:18:21",
    "updated_at": "2021-07-15 13:03:20"
  },
  {
    "unique_id": "1qx4a7x9etg65xz444al",
    "base_currency": "EUR",
    "second_currency": "EUR",
    "symbol": "€",
    "rate_of_conversion": 1,
    "expression": null,
    "currency_name": null,
    "country_name": "Belgium",
    "country_abbr": "BE",
    "created_at": "2021-07-15 07:18:21",
    "updated_at": "2021-07-15 13:03:20"
  },
  {
    "unique_id": "ism8hnbv6xdlk2owk3uv",
    "base_currency": "EUR",
    "second_currency": "XOF",
    "symbol": "CFA",
    "rate_of_conversion": 655.578435,
    "expression": null,
    "currency_name": null,
    "country_name": "Burkina Faso",
    "country_abbr": "BF",
    "created_at": "2021-07-15 07:18:21",
    "updated_at": "2021-07-15 13:03:20"
  },
  {
    "unique_id": "immzrtmqmrc7qjh4rl4f",
    "base_currency": "EUR",
    "second_currency": "BGN",
    "symbol": "BGN",
    "rate_of_conversion": 1.951723,
    "expression": null,
    "currency_name": null,
    "country_name": "Bulgaria",
    "country_abbr": "BG",
    "created_at": "2021-07-15 07:18:21",
    "updated_at": "2021-07-15 13:03:20"
  },
  {
    "unique_id": "e2xoqf1t1et6tt02r632",
    "base_currency": "EUR",
    "second_currency": "BAM",
    "symbol": "KM",
    "rate_of_conversion": 1.954685,
    "expression": null,
    "currency_name": null,
    "country_name": "Bosnia and Herzegovina",
    "country_abbr": "BA",
    "created_at": "2021-07-15 07:18:21",
    "updated_at": "2021-07-15 13:03:20"
  },
  {
    "unique_id": "ytshbyd9f5y0xkiyne4l",
    "base_currency": "EUR",
    "second_currency": "BBD",
    "symbol": "BBD",
    "rate_of_conversion": 2.384723,
    "expression": null,
    "currency_name": null,
    "country_name": "Barbados",
    "country_abbr": "BB",
    "created_at": "2021-07-15 07:18:21",
    "updated_at": "2021-07-15 13:03:20"
  },
  {
    "unique_id": "xngym21s2vsejdzmt6f9",
    "base_currency": "EUR",
    "second_currency": "XPF",
    "symbol": "XPF",
    "rate_of_conversion": 119.684842,
    "expression": null,
    "currency_name": null,
    "country_name": "Wallis and Futuna",
    "country_abbr": "WF",
    "created_at": "2021-07-15 07:18:21",
    "updated_at": "2021-07-15 13:03:20"
  },
  {
    "unique_id": "3kcj6j7elluzzrgs7ze4",
    "base_currency": "EUR",
    "second_currency": "EUR",
    "symbol": "€",
    "rate_of_conversion": 1,
    "expression": null,
    "currency_name": null,
    "country_name": "Saint Barthelemy",
    "country_abbr": "BL",
    "created_at": "2021-07-15 07:18:21",
    "updated_at": "2021-07-15 13:03:20"
  },
  {
    "unique_id": "4qbabqgrs21h6g1thhhf",
    "base_currency": "EUR",
    "second_currency": "BMD",
    "symbol": "BMD",
    "rate_of_conversion": 1.181198,
    "expression": null,
    "currency_name": null,
    "country_name": "Bermuda",
    "country_abbr": "BM",
    "created_at": "2021-07-15 07:18:21",
    "updated_at": "2021-07-15 13:03:20"
  },
  {
    "unique_id": "a8eypg0x3lxlhb3h3t59",
    "base_currency": "EUR",
    "second_currency": "BND",
    "symbol": "BN$",
    "rate_of_conversion": 1.598747,
    "expression": null,
    "currency_name": null,
    "country_name": "Brunei",
    "country_abbr": "BN",
    "created_at": "2021-07-15 07:18:21",
    "updated_at": "2021-07-15 13:03:20"
  },
  {
    "unique_id": "ywetnoe4wknjxrp8meq8",
    "base_currency": "EUR",
    "second_currency": "BOB",
    "symbol": "Bs",
    "rate_of_conversion": 8.155391,
    "expression": null,
    "currency_name": null,
    "country_name": "Bolivia",
    "country_abbr": "BO",
    "created_at": "2021-07-15 07:18:21",
    "updated_at": "2021-07-15 13:03:20"
  },
  {
    "unique_id": "qrsu5146ddh1zms8m28v",
    "base_currency": "EUR",
    "second_currency": "BHD",
    "symbol": "BD",
    "rate_of_conversion": 0.445328,
    "expression": null,
    "currency_name": null,
    "country_name": "Bahrain",
    "country_abbr": "BH",
    "created_at": "2021-07-15 07:18:21",
    "updated_at": "2021-07-15 13:03:20"
  },
  {
    "unique_id": "oalyq2fbpvr4fcb4enrs",
    "base_currency": "EUR",
    "second_currency": "BIF",
    "symbol": "FBu",
    "rate_of_conversion": 2339.848468,
    "expression": null,
    "currency_name": null,
    "country_name": "Burundi",
    "country_abbr": "BI",
    "created_at": "2021-07-15 07:18:21",
    "updated_at": "2021-07-15 13:03:20"
  },
  {
    "unique_id": "ayc0hreuksjk2ec19621",
    "base_currency": "EUR",
    "second_currency": "XOF",
    "symbol": "CFA",
    "rate_of_conversion": 655.578435,
    "expression": null,
    "currency_name": null,
    "country_name": "Benin",
    "country_abbr": "BJ",
    "created_at": "2021-07-15 07:18:21",
    "updated_at": "2021-07-15 13:03:20"
  },
  {
    "unique_id": "tzdva2n2s4y6v71kma8n",
    "base_currency": "EUR",
    "second_currency": "BTN",
    "symbol": "BTN",
    "rate_of_conversion": 87.970446,
    "expression": null,
    "currency_name": null,
    "country_name": "Bhutan",
    "country_abbr": "BT",
    "created_at": "2021-07-15 07:18:21",
    "updated_at": "2021-07-15 13:03:20"
  },
  {
    "unique_id": "53tgm1o9mmkxw98ryyuz",
    "base_currency": "EUR",
    "second_currency": "JMD",
    "symbol": "J$",
    "rate_of_conversion": 181.887509,
    "expression": null,
    "currency_name": null,
    "country_name": "Jamaica",
    "country_abbr": "JM",
    "created_at": "2021-07-15 07:18:21",
    "updated_at": "2021-07-15 13:03:20"
  },
  {
    "unique_id": "egtq1sgxodntuew84a3n",
    "base_currency": "EUR",
    "second_currency": "NOK",
    "symbol": "Nkr",
    "rate_of_conversion": 10.375111,
    "expression": null,
    "currency_name": null,
    "country_name": "Bouvet Island",
    "country_abbr": "BV",
    "created_at": "2021-07-15 07:18:21",
    "updated_at": "2021-07-15 13:03:20"
  },
  {
    "unique_id": "y2c0pfd2pgg3afbxv3jw",
    "base_currency": "EUR",
    "second_currency": "BWP",
    "symbol": "BWP",
    "rate_of_conversion": 13.022211,
    "expression": null,
    "currency_name": null,
    "country_name": "Botswana",
    "country_abbr": "BW",
    "created_at": "2021-07-15 07:18:21",
    "updated_at": "2021-07-15 13:03:20"
  },
  {
    "unique_id": "0tm2ty3q3jougx0pag4u",
    "base_currency": "EUR",
    "second_currency": "WST",
    "symbol": "WST",
    "rate_of_conversion": 3.014011,
    "expression": null,
    "currency_name": null,
    "country_name": "Samoa",
    "country_abbr": "WS",
    "created_at": "2021-07-15 07:18:21",
    "updated_at": "2021-07-15 13:03:20"
  },
  {
    "unique_id": "hjo5fhah2nq1gp1si2g3",
    "base_currency": "EUR",
    "second_currency": "USD",
    "symbol": "$",
    "rate_of_conversion": 1.181198,
    "expression": null,
    "currency_name": null,
    "country_name": "Bonaire, Saint Eustatius and Saba ",
    "country_abbr": "BQ",
    "created_at": "2021-07-15 07:18:21",
    "updated_at": "2021-07-15 13:03:20"
  },
  {
    "unique_id": "0tjbqkhuy0uo5qa9404f",
    "base_currency": "EUR",
    "second_currency": "BRL",
    "symbol": "R$",
    "rate_of_conversion": 5.990567,
    "expression": null,
    "currency_name": null,
    "country_name": "Brazil",
    "country_abbr": "BR",
    "created_at": "2021-07-15 07:18:21",
    "updated_at": "2021-07-15 13:03:20"
  },
  {
    "unique_id": "ylexpdx9njoa27kd1adn",
    "base_currency": "EUR",
    "second_currency": "BSD",
    "symbol": "BSD",
    "rate_of_conversion": 1.181118,
    "expression": null,
    "currency_name": null,
    "country_name": "Bahamas",
    "country_abbr": "BS",
    "created_at": "2021-07-15 07:18:21",
    "updated_at": "2021-07-15 13:03:20"
  },
  {
    "unique_id": "ggr4evt4m4irr0mglvqa",
    "base_currency": "EUR",
    "second_currency": "GBP",
    "symbol": "£",
    "rate_of_conversion": 0.851886,
    "expression": null,
    "currency_name": null,
    "country_name": "Jersey",
    "country_abbr": "JE",
    "created_at": "2021-07-15 07:18:21",
    "updated_at": "2021-07-15 13:03:20"
  },
  {
    "unique_id": "woeh1sv3t7te4gb2coau",
    "base_currency": "EUR",
    "second_currency": "BYR",
    "symbol": "BYR",
    "rate_of_conversion": 23151.479131,
    "expression": null,
    "currency_name": null,
    "country_name": "Belarus",
    "country_abbr": "BY",
    "created_at": "2021-07-15 07:18:21",
    "updated_at": "2021-07-15 13:03:20"
  },
  {
    "unique_id": "5xva4u7ijk6xlkar6z4p",
    "base_currency": "EUR",
    "second_currency": "BZD",
    "symbol": "BZ$",
    "rate_of_conversion": 2.380786,
    "expression": null,
    "currency_name": null,
    "country_name": "Belize",
    "country_abbr": "BZ",
    "created_at": "2021-07-15 07:18:21",
    "updated_at": "2021-07-15 13:03:20"
  },
  {
    "unique_id": "ivxtoqwbnc467hpxe5lu",
    "base_currency": "EUR",
    "second_currency": "RUB",
    "symbol": "RUB",
    "rate_of_conversion": 87.575787,
    "expression": null,
    "currency_name": null,
    "country_name": "Russia",
    "country_abbr": "RU",
    "created_at": "2021-07-15 07:18:21",
    "updated_at": "2021-07-15 13:03:20"
  },
  {
    "unique_id": "xae0zsg7gl99o5u0xx9w",
    "base_currency": "EUR",
    "second_currency": "RWF",
    "symbol": "RWF",
    "rate_of_conversion": 1189.0735,
    "expression": null,
    "currency_name": null,
    "country_name": "Rwanda",
    "country_abbr": "RW",
    "created_at": "2021-07-15 07:18:21",
    "updated_at": "2021-07-15 13:03:20"
  },
  {
    "unique_id": "dtykfnu95087h7d6bngq",
    "base_currency": "EUR",
    "second_currency": "RSD",
    "symbol": "din.",
    "rate_of_conversion": 117.458693,
    "expression": null,
    "currency_name": null,
    "country_name": "Serbia",
    "country_abbr": "RS",
    "created_at": "2021-07-15 07:18:21",
    "updated_at": "2021-07-15 13:03:20"
  },
  {
    "unique_id": "l37gnhpzc261khcbj7ce",
    "base_currency": "EUR",
    "second_currency": "USD",
    "symbol": "$",
    "rate_of_conversion": 1.181198,
    "expression": null,
    "currency_name": null,
    "country_name": "East Timor",
    "country_abbr": "TL",
    "created_at": "2021-07-15 07:18:21",
    "updated_at": "2021-07-15 13:03:20"
  },
  {
    "unique_id": "ixboqj42uwb49rv2ogxo",
    "base_currency": "EUR",
    "second_currency": "EUR",
    "symbol": "€",
    "rate_of_conversion": 1,
    "expression": null,
    "currency_name": null,
    "country_name": "Reunion",
    "country_abbr": "RE",
    "created_at": "2021-07-15 07:18:21",
    "updated_at": "2021-07-15 13:03:20"
  },
  {
    "unique_id": "aqo251ub6c3ye12qqki1",
    "base_currency": "EUR",
    "second_currency": "TMT",
    "symbol": "TMT",
    "rate_of_conversion": 4.134193,
    "expression": null,
    "currency_name": null,
    "country_name": "Turkmenistan",
    "country_abbr": "TM",
    "created_at": "2021-07-15 07:18:21",
    "updated_at": "2021-07-15 13:03:20"
  },
  {
    "unique_id": "ynobis26mv93e7gtlwd3",
    "base_currency": "EUR",
    "second_currency": "TJS",
    "symbol": "TJS",
    "rate_of_conversion": 13.469823,
    "expression": null,
    "currency_name": null,
    "country_name": "Tajikistan",
    "country_abbr": "TJ",
    "created_at": "2021-07-15 07:18:21",
    "updated_at": "2021-07-15 13:03:20"
  },
  {
    "unique_id": "1vdzd26o43t3t0xs5pff",
    "base_currency": "EUR",
    "second_currency": "RON",
    "symbol": "RON",
    "rate_of_conversion": 4.926706,
    "expression": null,
    "currency_name": null,
    "country_name": "Romania",
    "country_abbr": "RO",
    "created_at": "2021-07-15 07:18:21",
    "updated_at": "2021-07-15 13:03:20"
  },
  {
    "unique_id": "9vv9yr9g43cd8dxgoor1",
    "base_currency": "EUR",
    "second_currency": "NZD",
    "symbol": "NZ$",
    "rate_of_conversion": 1.686811,
    "expression": null,
    "currency_name": null,
    "country_name": "Tokelau",
    "country_abbr": "TK",
    "created_at": "2021-07-15 07:18:21",
    "updated_at": "2021-07-15 13:03:20"
  },
  {
    "unique_id": "y6rloncdpxte7eqxxyrz",
    "base_currency": "EUR",
    "second_currency": "XOF",
    "symbol": "CFA",
    "rate_of_conversion": 655.578435,
    "expression": null,
    "currency_name": null,
    "country_name": "Guinea-Bissau",
    "country_abbr": "GW",
    "created_at": "2021-07-15 07:18:21",
    "updated_at": "2021-07-15 13:03:20"
  },
  {
    "unique_id": "u9itsepjfemif3xdqrz0",
    "base_currency": "EUR",
    "second_currency": "USD",
    "symbol": "$",
    "rate_of_conversion": 1.181198,
    "expression": null,
    "currency_name": null,
    "country_name": "Guam",
    "country_abbr": "GU",
    "created_at": "2021-07-15 07:18:21",
    "updated_at": "2021-07-15 13:03:20"
  },
  {
    "unique_id": "e6ro8wm0kzb94qf47zmy",
    "base_currency": "EUR",
    "second_currency": "GTQ",
    "symbol": "GTQ",
    "rate_of_conversion": 9.153469,
    "expression": null,
    "currency_name": null,
    "country_name": "Guatemala",
    "country_abbr": "GT",
    "created_at": "2021-07-15 07:18:21",
    "updated_at": "2021-07-15 13:03:20"
  },
  {
    "unique_id": "ieaaakl2b0olzcw8wb9o",
    "base_currency": "EUR",
    "second_currency": "GBP",
    "symbol": "£",
    "rate_of_conversion": 0.851886,
    "expression": null,
    "currency_name": null,
    "country_name": "South Georgia and the South Sandwich Islands",
    "country_abbr": "GS",
    "created_at": "2021-07-15 07:18:21",
    "updated_at": "2021-07-15 13:03:20"
  },
  {
    "unique_id": "j9m2t980pil2o43vfi0j",
    "base_currency": "EUR",
    "second_currency": "EUR",
    "symbol": "€",
    "rate_of_conversion": 1,
    "expression": null,
    "currency_name": null,
    "country_name": "Greece",
    "country_abbr": "GR",
    "created_at": "2021-07-15 07:18:21",
    "updated_at": "2021-07-15 13:03:20"
  },
  {
    "unique_id": "t9faii2fudgl8go8ntcp",
    "base_currency": "EUR",
    "second_currency": "XAF",
    "symbol": "FCFA",
    "rate_of_conversion": 655.484151,
    "expression": null,
    "currency_name": null,
    "country_name": "Equatorial Guinea",
    "country_abbr": "GQ",
    "created_at": "2021-07-15 07:18:21",
    "updated_at": "2021-07-15 13:03:20"
  },
  {
    "unique_id": "wgmizfp3e6wrt0jmr9n8",
    "base_currency": "EUR",
    "second_currency": "EUR",
    "symbol": "€",
    "rate_of_conversion": 1,
    "expression": null,
    "currency_name": null,
    "country_name": "Guadeloupe",
    "country_abbr": "GP",
    "created_at": "2021-07-15 07:18:21",
    "updated_at": "2021-07-15 13:03:20"
  },
  {
    "unique_id": "9awsfe9g9e0x1vrlqsxk",
    "base_currency": "EUR",
    "second_currency": "JPY",
    "symbol": "¥",
    "rate_of_conversion": 129.960091,
    "expression": null,
    "currency_name": null,
    "country_name": "Japan",
    "country_abbr": "JP",
    "created_at": "2021-07-15 07:18:21",
    "updated_at": "2021-07-15 13:03:20"
  },
  {
    "unique_id": "8sdmhqkuu8701k1e82hx",
    "base_currency": "EUR",
    "second_currency": "GYD",
    "symbol": "GYD",
    "rate_of_conversion": 247.097313,
    "expression": null,
    "currency_name": null,
    "country_name": "Guyana",
    "country_abbr": "GY",
    "created_at": "2021-07-15 07:18:21",
    "updated_at": "2021-07-15 13:03:20"
  },
  {
    "unique_id": "9ju6489u9yz7a7r9diod",
    "base_currency": "EUR",
    "second_currency": "GBP",
    "symbol": "£",
    "rate_of_conversion": 0.851886,
    "expression": null,
    "currency_name": null,
    "country_name": "Guernsey",
    "country_abbr": "GG",
    "created_at": "2021-07-15 07:18:21",
    "updated_at": "2021-07-15 13:03:20"
  },
  {
    "unique_id": "dr30fetitzph7snr9aqq",
    "base_currency": "EUR",
    "second_currency": "EUR",
    "symbol": "€",
    "rate_of_conversion": 1,
    "expression": null,
    "currency_name": null,
    "country_name": "French Guiana",
    "country_abbr": "GF",
    "created_at": "2021-07-15 07:18:21",
    "updated_at": "2021-07-15 13:03:20"
  },
  {
    "unique_id": "kvz253rer8tc6mvctjes",
    "base_currency": "EUR",
    "second_currency": "GEL",
    "symbol": "GEL",
    "rate_of_conversion": 3.703065,
    "expression": null,
    "currency_name": null,
    "country_name": "Georgia",
    "country_abbr": "GE",
    "created_at": "2021-07-15 07:18:21",
    "updated_at": "2021-07-15 13:03:20"
  },
  {
    "unique_id": "ykslkh1caq1tk6hsxaxn",
    "base_currency": "EUR",
    "second_currency": "XCD",
    "symbol": "XCD",
    "rate_of_conversion": 3.192246,
    "expression": null,
    "currency_name": null,
    "country_name": "Grenada",
    "country_abbr": "GD",
    "created_at": "2021-07-15 07:18:21",
    "updated_at": "2021-07-15 13:03:20"
  },
  {
    "unique_id": "hd0a8qtygdn2quawwfh1",
    "base_currency": "EUR",
    "second_currency": "GBP",
    "symbol": "£",
    "rate_of_conversion": 0.851886,
    "expression": null,
    "currency_name": null,
    "country_name": "United Kingdom",
    "country_abbr": "GB",
    "created_at": "2021-07-15 07:18:21",
    "updated_at": "2021-07-15 13:03:20"
  },
  {
    "unique_id": "ikotzxsf18ye7mvncd62",
    "base_currency": "EUR",
    "second_currency": "XAF",
    "symbol": "FCFA",
    "rate_of_conversion": 655.484151,
    "expression": null,
    "currency_name": null,
    "country_name": "Gabon",
    "country_abbr": "GA",
    "created_at": "2021-07-15 07:18:21",
    "updated_at": "2021-07-15 13:03:20"
  },
  {
    "unique_id": "wnswd7fts3mqk1bb98yp",
    "base_currency": "EUR",
    "second_currency": "USD",
    "symbol": "$",
    "rate_of_conversion": 1.181198,
    "expression": null,
    "currency_name": null,
    "country_name": "El Salvador",
    "country_abbr": "SV",
    "created_at": "2021-07-15 07:18:21",
    "updated_at": "2021-07-15 13:03:20"
  },
  {
    "unique_id": "n8wekpppm1twm2xekxz4",
    "base_currency": "EUR",
    "second_currency": "GNF",
    "symbol": "FG",
    "rate_of_conversion": 11584.010789,
    "expression": null,
    "currency_name": null,
    "country_name": "Guinea",
    "country_abbr": "GN",
    "created_at": "2021-07-15 07:18:21",
    "updated_at": "2021-07-15 13:03:20"
  },
  {
    "unique_id": "ofhi5vx6npgog10rhpm5",
    "base_currency": "EUR",
    "second_currency": "GMD",
    "symbol": "GMD",
    "rate_of_conversion": 60.465344,
    "expression": null,
    "currency_name": null,
    "country_name": "Gambia",
    "country_abbr": "GM",
    "created_at": "2021-07-15 07:18:21",
    "updated_at": "2021-07-15 13:03:20"
  },
  {
    "unique_id": "2t220h1rxojflgrxiyf3",
    "base_currency": "EUR",
    "second_currency": "DKK",
    "symbol": "Dkr",
    "rate_of_conversion": 7.43629,
    "expression": null,
    "currency_name": null,
    "country_name": "Greenland",
    "country_abbr": "GL",
    "created_at": "2021-07-15 07:18:21",
    "updated_at": "2021-07-15 13:03:20"
  },
  {
    "unique_id": "932iuu0e3t01x3fco3jn",
    "base_currency": "EUR",
    "second_currency": "GIP",
    "symbol": "GIP",
    "rate_of_conversion": 0.853724,
    "expression": null,
    "currency_name": null,
    "country_name": "Gibraltar",
    "country_abbr": "GI",
    "created_at": "2021-07-15 07:18:21",
    "updated_at": "2021-07-15 13:03:20"
  },
  {
    "unique_id": "yv9r4p2yu9wmkq94lyoe",
    "base_currency": "EUR",
    "second_currency": "GHS",
    "symbol": "GH₵",
    "rate_of_conversion": 7.03034,
    "expression": null,
    "currency_name": null,
    "country_name": "Ghana",
    "country_abbr": "GH",
    "created_at": "2021-07-15 07:18:21",
    "updated_at": "2021-07-15 13:03:20"
  },
  {
    "unique_id": "tmdj3ur6hcpn0xxyhi1h",
    "base_currency": "EUR",
    "second_currency": "OMR",
    "symbol": "OMR",
    "rate_of_conversion": 0.454812,
    "expression": null,
    "currency_name": null,
    "country_name": "Oman",
    "country_abbr": "OM",
    "created_at": "2021-07-15 07:18:21",
    "updated_at": "2021-07-15 13:03:20"
  },
  {
    "unique_id": "bav7s1u1q3mgc86znbpe",
    "base_currency": "EUR",
    "second_currency": "TND",
    "symbol": "DT",
    "rate_of_conversion": 3.294951,
    "expression": null,
    "currency_name": null,
    "country_name": "Tunisia",
    "country_abbr": "TN",
    "created_at": "2021-07-15 07:18:21",
    "updated_at": "2021-07-15 13:03:20"
  },
  {
    "unique_id": "id5fmctwfe89queoagf9",
    "base_currency": "EUR",
    "second_currency": "JOD",
    "symbol": "JD",
    "rate_of_conversion": 0.837451,
    "expression": null,
    "currency_name": null,
    "country_name": "Jordan",
    "country_abbr": "JO",
    "created_at": "2021-07-15 07:18:21",
    "updated_at": "2021-07-15 13:03:20"
  },
  {
    "unique_id": "vpm9gjwbecnyvdx02vpp",
    "base_currency": "EUR",
    "second_currency": "HRK",
    "symbol": "kn",
    "rate_of_conversion": 7.487732,
    "expression": null,
    "currency_name": null,
    "country_name": "Croatia",
    "country_abbr": "HR",
    "created_at": "2021-07-15 07:18:21",
    "updated_at": "2021-07-15 13:03:20"
  },
  {
    "unique_id": "prprodv3hw5o5dbd261h",
    "base_currency": "EUR",
    "second_currency": "HTG",
    "symbol": "HTG",
    "rate_of_conversion": 111.374272,
    "expression": null,
    "currency_name": null,
    "country_name": "Haiti",
    "country_abbr": "HT",
    "created_at": "2021-07-15 07:18:21",
    "updated_at": "2021-07-15 13:03:20"
  },
  {
    "unique_id": "j0jiayuoanehfmvsj15j",
    "base_currency": "EUR",
    "second_currency": "HUF",
    "symbol": "Ft",
    "rate_of_conversion": 359.403165,
    "expression": null,
    "currency_name": null,
    "country_name": "Hungary",
    "country_abbr": "HU",
    "created_at": "2021-07-15 07:18:21",
    "updated_at": "2021-07-15 13:03:20"
  },
  {
    "unique_id": "2w02u6idiv21omjqc6kz",
    "base_currency": "EUR",
    "second_currency": "HKD",
    "symbol": "HK$",
    "rate_of_conversion": 9.175268,
    "expression": null,
    "currency_name": null,
    "country_name": "Hong Kong",
    "country_abbr": "HK",
    "created_at": "2021-07-15 07:18:21",
    "updated_at": "2021-07-15 13:03:20"
  },
  {
    "unique_id": "9pdzeixwps27pww8r1p6",
    "base_currency": "EUR",
    "second_currency": "HNL",
    "symbol": "HNL",
    "rate_of_conversion": 28.107412,
    "expression": null,
    "currency_name": null,
    "country_name": "Honduras",
    "country_abbr": "HN",
    "created_at": "2021-07-15 07:18:21",
    "updated_at": "2021-07-15 13:03:20"
  },
  {
    "unique_id": "vld1ys2oyy31bsuxqw1j",
    "base_currency": "EUR",
    "second_currency": "AUD",
    "symbol": "AU$",
    "rate_of_conversion": 1.58582,
    "expression": null,
    "currency_name": null,
    "country_name": "Heard Island and McDonald Islands",
    "country_abbr": "HM",
    "created_at": "2021-07-15 07:18:21",
    "updated_at": "2021-07-15 13:03:20"
  },
  {
    "unique_id": "jd2pm9lkevesxk79m62t",
    "base_currency": "EUR",
    "second_currency": "VEF",
    "symbol": "Bs.F.",
    "rate_of_conversion": 252575812755.63196,
    "expression": null,
    "currency_name": null,
    "country_name": "Venezuela",
    "country_abbr": "VE",
    "created_at": "2021-07-15 07:18:21",
    "updated_at": "2021-07-15 13:03:20"
  },
  {
    "unique_id": "5etefd5ih6j1sy9mfnko",
    "base_currency": "EUR",
    "second_currency": "USD",
    "symbol": "$",
    "rate_of_conversion": 1.181198,
    "expression": null,
    "currency_name": null,
    "country_name": "Puerto Rico",
    "country_abbr": "PR",
    "created_at": "2021-07-15 07:18:21",
    "updated_at": "2021-07-15 13:03:20"
  },
  {
    "unique_id": "lyyo2l7zgitd9dqm4hj3",
    "base_currency": "EUR",
    "second_currency": "ILS",
    "symbol": "₪",
    "rate_of_conversion": 3.857143,
    "expression": null,
    "currency_name": null,
    "country_name": "Palestinian Territory",
    "country_abbr": "PS",
    "created_at": "2021-07-15 07:18:21",
    "updated_at": "2021-07-15 13:03:20"
  },
  {
    "unique_id": "yrxhfcbbfav4c67qeu6x",
    "base_currency": "EUR",
    "second_currency": "USD",
    "symbol": "$",
    "rate_of_conversion": 1.181198,
    "expression": null,
    "currency_name": null,
    "country_name": "Palau",
    "country_abbr": "PW",
    "created_at": "2021-07-15 07:18:21",
    "updated_at": "2021-07-15 13:03:20"
  },
  {
    "unique_id": "hsl06d9gaoom2prfw5if",
    "base_currency": "EUR",
    "second_currency": "EUR",
    "symbol": "€",
    "rate_of_conversion": 1,
    "expression": null,
    "currency_name": null,
    "country_name": "Portugal",
    "country_abbr": "PT",
    "created_at": "2021-07-15 07:18:21",
    "updated_at": "2021-07-15 13:03:20"
  },
  {
    "unique_id": "h8qwyezdshlwom0qoyqj",
    "base_currency": "EUR",
    "second_currency": "NOK",
    "symbol": "Nkr",
    "rate_of_conversion": 10.375111,
    "expression": null,
    "currency_name": null,
    "country_name": "Svalbard and Jan Mayen",
    "country_abbr": "SJ",
    "created_at": "2021-07-15 07:18:21",
    "updated_at": "2021-07-15 13:03:20"
  },
  {
    "unique_id": "lq3ruv1uxp6krg517d8g",
    "base_currency": "EUR",
    "second_currency": "PYG",
    "symbol": "₲",
    "rate_of_conversion": 8065.142767,
    "expression": null,
    "currency_name": null,
    "country_name": "Paraguay",
    "country_abbr": "PY",
    "created_at": "2021-07-15 07:18:21",
    "updated_at": "2021-07-15 13:03:20"
  },
  {
    "unique_id": "75ljosa3lma67n51czap",
    "base_currency": "EUR",
    "second_currency": "IQD",
    "symbol": "IQD",
    "rate_of_conversion": 1723.194938,
    "expression": null,
    "currency_name": null,
    "country_name": "Iraq",
    "country_abbr": "IQ",
    "created_at": "2021-07-15 07:18:21",
    "updated_at": "2021-07-15 13:03:20"
  },
  {
    "unique_id": "xkmon927e9j43jy7ha7j",
    "base_currency": "EUR",
    "second_currency": "PAB",
    "symbol": "B/.",
    "rate_of_conversion": 1.181093,
    "expression": null,
    "currency_name": null,
    "country_name": "Panama",
    "country_abbr": "PA",
    "created_at": "2021-07-15 07:18:21",
    "updated_at": "2021-07-15 13:03:20"
  },
  {
    "unique_id": "zfg7c7sha157l9ums6d9",
    "base_currency": "EUR",
    "second_currency": "XPF",
    "symbol": "XPF",
    "rate_of_conversion": 119.684842,
    "expression": null,
    "currency_name": null,
    "country_name": "French Polynesia",
    "country_abbr": "PF",
    "created_at": "2021-07-15 07:18:21",
    "updated_at": "2021-07-15 13:03:20"
  },
  {
    "unique_id": "5roo6nubhzaj5iarblzq",
    "base_currency": "EUR",
    "second_currency": "PGK",
    "symbol": "PGK",
    "rate_of_conversion": 4.146409,
    "expression": null,
    "currency_name": null,
    "country_name": "Papua New Guinea",
    "country_abbr": "PG",
    "created_at": "2021-07-15 07:18:21",
    "updated_at": "2021-07-15 13:03:20"
  },
  {
    "unique_id": "o7wt7slsckc6vxihdz1m",
    "base_currency": "EUR",
    "second_currency": "PEN",
    "symbol": "S/.",
    "rate_of_conversion": 4.681597,
    "expression": null,
    "currency_name": null,
    "country_name": "Peru",
    "country_abbr": "PE",
    "created_at": "2021-07-15 07:18:21",
    "updated_at": "2021-07-15 13:03:20"
  },
  {
    "unique_id": "9gt0af1d1og05b89xbue",
    "base_currency": "EUR",
    "second_currency": "PKR",
    "symbol": "PKRs",
    "rate_of_conversion": 188.295768,
    "expression": null,
    "currency_name": null,
    "country_name": "Pakistan",
    "country_abbr": "PK",
    "created_at": "2021-07-15 07:18:21",
    "updated_at": "2021-07-15 13:03:20"
  },
  {
    "unique_id": "0e6zpiycabeqkueoofrm",
    "base_currency": "EUR",
    "second_currency": "PHP",
    "symbol": "₱",
    "rate_of_conversion": 59.293179,
    "expression": null,
    "currency_name": null,
    "country_name": "Philippines",
    "country_abbr": "PH",
    "created_at": "2021-07-15 07:18:21",
    "updated_at": "2021-07-15 13:03:20"
  },
  {
    "unique_id": "p6wnaou14tle1bhipvak",
    "base_currency": "EUR",
    "second_currency": "NZD",
    "symbol": "NZ$",
    "rate_of_conversion": 1.686811,
    "expression": null,
    "currency_name": null,
    "country_name": "Pitcairn",
    "country_abbr": "PN",
    "created_at": "2021-07-15 07:18:21",
    "updated_at": "2021-07-15 13:03:20"
  },
  {
    "unique_id": "aik5tozene5n0wwf6rha",
    "base_currency": "EUR",
    "second_currency": "PLN",
    "symbol": "zł",
    "rate_of_conversion": 4.572422,
    "expression": null,
    "currency_name": null,
    "country_name": "Poland",
    "country_abbr": "PL",
    "created_at": "2021-07-15 07:18:21",
    "updated_at": "2021-07-15 13:03:20"
  },
  {
    "unique_id": "60am4o1kzq74nb2uxwws",
    "base_currency": "EUR",
    "second_currency": "EUR",
    "symbol": "€",
    "rate_of_conversion": 1,
    "expression": null,
    "currency_name": null,
    "country_name": "Saint Pierre and Miquelon",
    "country_abbr": "PM",
    "created_at": "2021-07-15 07:18:21",
    "updated_at": "2021-07-15 13:03:20"
  },
  {
    "unique_id": "yfsaprgimst66dunbf0o",
    "base_currency": "EUR",
    "second_currency": "ZMK",
    "symbol": "ZK",
    "rate_of_conversion": 10632.204598,
    "expression": null,
    "currency_name": null,
    "country_name": "Zambia",
    "country_abbr": "ZM",
    "created_at": "2021-07-15 07:18:21",
    "updated_at": "2021-07-15 13:03:20"
  },
  {
    "unique_id": "1ze7tdk4ud5c4ajdtgyc",
    "base_currency": "EUR",
    "second_currency": "MAD",
    "symbol": "MAD",
    "rate_of_conversion": 10.569407,
    "expression": null,
    "currency_name": null,
    "country_name": "Western Sahara",
    "country_abbr": "EH",
    "created_at": "2021-07-15 07:18:21",
    "updated_at": "2021-07-15 13:03:20"
  },
  {
    "unique_id": "6nko2xefgqsq09tb374y",
    "base_currency": "EUR",
    "second_currency": "EUR",
    "symbol": "€",
    "rate_of_conversion": 1,
    "expression": null,
    "currency_name": null,
    "country_name": "Estonia",
    "country_abbr": "EE",
    "created_at": "2021-07-15 07:18:21",
    "updated_at": "2021-07-15 13:03:20"
  },
  {
    "unique_id": "nmygavdqpcnsqwwtocz1",
    "base_currency": "EUR",
    "second_currency": "EGP",
    "symbol": "EGP",
    "rate_of_conversion": 18.569967,
    "expression": null,
    "currency_name": null,
    "country_name": "Egypt",
    "country_abbr": "EG",
    "created_at": "2021-07-15 07:18:21",
    "updated_at": "2021-07-15 13:03:20"
  },
  {
    "unique_id": "i88bfuv6cdhna5yah9q2",
    "base_currency": "EUR",
    "second_currency": "ZAR",
    "symbol": "R",
    "rate_of_conversion": 17.227888,
    "expression": null,
    "currency_name": null,
    "country_name": "South Africa",
    "country_abbr": "ZA",
    "created_at": "2021-07-15 07:18:21",
    "updated_at": "2021-07-15 13:03:20"
  },
  {
    "unique_id": "pot6euz0du0bjd78y9hh",
    "base_currency": "EUR",
    "second_currency": "USD",
    "symbol": "$",
    "rate_of_conversion": 1.181198,
    "expression": null,
    "currency_name": null,
    "country_name": "Ecuador",
    "country_abbr": "EC",
    "created_at": "2021-07-15 07:18:21",
    "updated_at": "2021-07-15 13:03:20"
  },
  {
    "unique_id": "gga12x0oto87yn7y940k",
    "base_currency": "EUR",
    "second_currency": "EUR",
    "symbol": "€",
    "rate_of_conversion": 1,
    "expression": null,
    "currency_name": null,
    "country_name": "Italy",
    "country_abbr": "IT",
    "created_at": "2021-07-15 07:18:21",
    "updated_at": "2021-07-15 13:03:20"
  },
  {
    "unique_id": "f5jc61wejpwgvbkyolkt",
    "base_currency": "EUR",
    "second_currency": "VND",
    "symbol": "₫",
    "rate_of_conversion": 27177.53636,
    "expression": null,
    "currency_name": null,
    "country_name": "Vietnam",
    "country_abbr": "VN",
    "created_at": "2021-07-15 07:18:21",
    "updated_at": "2021-07-15 13:03:20"
  },
  {
    "unique_id": "2coxfm7ibxvdppznbhq8",
    "base_currency": "EUR",
    "second_currency": "SBD",
    "symbol": "SBD",
    "rate_of_conversion": 9.487589,
    "expression": null,
    "currency_name": null,
    "country_name": "Solomon Islands",
    "country_abbr": "SB",
    "created_at": "2021-07-15 07:18:21",
    "updated_at": "2021-07-15 13:03:20"
  },
  {
    "unique_id": "70mhbuqfr0ir6iwhaspv",
    "base_currency": "EUR",
    "second_currency": "ETB",
    "symbol": "Br",
    "rate_of_conversion": 51.971789,
    "expression": null,
    "currency_name": null,
    "country_name": "Ethiopia",
    "country_abbr": "ET",
    "created_at": "2021-07-15 07:18:21",
    "updated_at": "2021-07-15 13:03:20"
  },
  {
    "unique_id": "ovw28knjhxrh06bycaad",
    "base_currency": "EUR",
    "second_currency": "SOS",
    "symbol": "Ssh",
    "rate_of_conversion": 691.00025,
    "expression": null,
    "currency_name": null,
    "country_name": "Somalia",
    "country_abbr": "SO",
    "created_at": "2021-07-15 07:18:21",
    "updated_at": "2021-07-15 13:03:20"
  },
  {
    "unique_id": "xibw9j7pc02ov210uub9",
    "base_currency": "EUR",
    "second_currency": "ZWL",
    "symbol": "ZWL",
    "rate_of_conversion": 380.346011,
    "expression": null,
    "currency_name": null,
    "country_name": "Zimbabwe",
    "country_abbr": "ZW",
    "created_at": "2021-07-15 07:18:21",
    "updated_at": "2021-07-15 13:03:20"
  },
  {
    "unique_id": "xx632q2ipixtjk5tqyvd",
    "base_currency": "EUR",
    "second_currency": "SAR",
    "symbol": "SR",
    "rate_of_conversion": 4.43026,
    "expression": null,
    "currency_name": null,
    "country_name": "Saudi Arabia",
    "country_abbr": "SA",
    "created_at": "2021-07-15 07:18:21",
    "updated_at": "2021-07-15 13:03:20"
  },
  {
    "unique_id": "oegslaue9ow7hrobywpy",
    "base_currency": "EUR",
    "second_currency": "EUR",
    "symbol": "€",
    "rate_of_conversion": 1,
    "expression": null,
    "currency_name": null,
    "country_name": "Spain",
    "country_abbr": "ES",
    "created_at": "2021-07-15 07:18:21",
    "updated_at": "2021-07-15 13:03:20"
  },
  {
    "unique_id": "ilfa3sphfkhtojk0sk1n",
    "base_currency": "EUR",
    "second_currency": "ERN",
    "symbol": "Nfk",
    "rate_of_conversion": 17.722988,
    "expression": null,
    "currency_name": null,
    "country_name": "Eritrea",
    "country_abbr": "ER",
    "created_at": "2021-07-15 07:18:21",
    "updated_at": "2021-07-15 13:03:20"
  },
  {
    "unique_id": "7jv99rlecyknn143qnar",
    "base_currency": "EUR",
    "second_currency": "EUR",
    "symbol": "€",
    "rate_of_conversion": 1,
    "expression": null,
    "currency_name": null,
    "country_name": "Montenegro",
    "country_abbr": "ME",
    "created_at": "2021-07-15 07:18:21",
    "updated_at": "2021-07-15 13:03:20"
  },
  {
    "unique_id": "hbh8xkh8gp9sdr7bgfzq",
    "base_currency": "EUR",
    "second_currency": "MDL",
    "symbol": "MDL",
    "rate_of_conversion": 21.259783,
    "expression": null,
    "currency_name": null,
    "country_name": "Moldova",
    "country_abbr": "MD",
    "created_at": "2021-07-15 07:18:21",
    "updated_at": "2021-07-15 13:03:20"
  },
  {
    "unique_id": "8etu5yl23jaecjl2l2d8",
    "base_currency": "EUR",
    "second_currency": "MGA",
    "symbol": "MGA",
    "rate_of_conversion": 4615.025973,
    "expression": null,
    "currency_name": null,
    "country_name": "Madagascar",
    "country_abbr": "MG",
    "created_at": "2021-07-15 07:18:21",
    "updated_at": "2021-07-15 13:03:20"
  },
  {
    "unique_id": "h314v9xt1f3qg3nfjwew",
    "base_currency": "EUR",
    "second_currency": "EUR",
    "symbol": "€",
    "rate_of_conversion": 1,
    "expression": null,
    "currency_name": null,
    "country_name": "Saint Martin",
    "country_abbr": "MF",
    "created_at": "2021-07-15 07:18:21",
    "updated_at": "2021-07-15 13:03:20"
  },
  {
    "unique_id": "siuevhwmb3gfzx8ylngt",
    "base_currency": "EUR",
    "second_currency": "MAD",
    "symbol": "MAD",
    "rate_of_conversion": 10.569407,
    "expression": null,
    "currency_name": null,
    "country_name": "Morocco",
    "country_abbr": "MA",
    "created_at": "2021-07-15 07:18:21",
    "updated_at": "2021-07-15 13:03:20"
  },
  {
    "unique_id": "mtx1vhxbs90fdn9hy28u",
    "base_currency": "EUR",
    "second_currency": "EUR",
    "symbol": "€",
    "rate_of_conversion": 1,
    "expression": null,
    "currency_name": null,
    "country_name": "Monaco",
    "country_abbr": "MC",
    "created_at": "2021-07-15 07:18:21",
    "updated_at": "2021-07-15 13:03:20"
  },
  {
    "unique_id": "hyqgassk2clsrvdj7xzh",
    "base_currency": "EUR",
    "second_currency": "UZS",
    "symbol": "UZS",
    "rate_of_conversion": 12590.50277,
    "expression": null,
    "currency_name": null,
    "country_name": "Uzbekistan",
    "country_abbr": "UZ",
    "created_at": "2021-07-15 07:18:21",
    "updated_at": "2021-07-15 13:03:20"
  },
  {
    "unique_id": "o010kznhnqqjubrkbaxp",
    "base_currency": "EUR",
    "second_currency": "MMK",
    "symbol": "MMK",
    "rate_of_conversion": 1943.774812,
    "expression": null,
    "currency_name": null,
    "country_name": "Myanmar",
    "country_abbr": "MM",
    "created_at": "2021-07-15 07:18:21",
    "updated_at": "2021-07-15 13:03:20"
  },
  {
    "unique_id": "zg03occ8rf40zm8ax0en",
    "base_currency": "EUR",
    "second_currency": "XOF",
    "symbol": "CFA",
    "rate_of_conversion": 655.578435,
    "expression": null,
    "currency_name": null,
    "country_name": "Mali",
    "country_abbr": "ML",
    "created_at": "2021-07-15 07:18:21",
    "updated_at": "2021-07-15 13:03:20"
  },
  {
    "unique_id": "y2cs79kqgyl1cg5f758w",
    "base_currency": "EUR",
    "second_currency": "MOP",
    "symbol": "MOP$",
    "rate_of_conversion": 9.450023,
    "expression": null,
    "currency_name": null,
    "country_name": "Macao",
    "country_abbr": "MO",
    "created_at": "2021-07-15 07:18:21",
    "updated_at": "2021-07-15 13:03:20"
  },
  {
    "unique_id": "1rbpejitax0vx59xiuiu",
    "base_currency": "EUR",
    "second_currency": "MNT",
    "symbol": "MNT",
    "rate_of_conversion": 3364.18699,
    "expression": null,
    "currency_name": null,
    "country_name": "Mongolia",
    "country_abbr": "MN",
    "created_at": "2021-07-15 07:18:21",
    "updated_at": "2021-07-15 13:03:20"
  },
  {
    "unique_id": "9awip43qmxcj5lpn907b",
    "base_currency": "EUR",
    "second_currency": "USD",
    "symbol": "$",
    "rate_of_conversion": 1.181198,
    "expression": null,
    "currency_name": null,
    "country_name": "Marshall Islands",
    "country_abbr": "MH",
    "created_at": "2021-07-15 07:18:21",
    "updated_at": "2021-07-15 13:03:20"
  },
  {
    "unique_id": "lcgjbtun210874w9nqe7",
    "base_currency": "EUR",
    "second_currency": "MKD",
    "symbol": "MKD",
    "rate_of_conversion": 61.587351,
    "expression": null,
    "currency_name": null,
    "country_name": "Macedonia",
    "country_abbr": "MK",
    "created_at": "2021-07-15 07:18:21",
    "updated_at": "2021-07-15 13:03:20"
  },
  {
    "unique_id": "kjrzo4ftce1riomjowbq",
    "base_currency": "EUR",
    "second_currency": "MUR",
    "symbol": "MURs",
    "rate_of_conversion": 50.791472,
    "expression": null,
    "currency_name": null,
    "country_name": "Mauritius",
    "country_abbr": "MU",
    "created_at": "2021-07-15 07:18:21",
    "updated_at": "2021-07-15 13:03:20"
  },
  {
    "unique_id": "ydiet45tevy18jx6e5ut",
    "base_currency": "EUR",
    "second_currency": "EUR",
    "symbol": "€",
    "rate_of_conversion": 1,
    "expression": null,
    "currency_name": null,
    "country_name": "Malta",
    "country_abbr": "MT",
    "created_at": "2021-07-15 07:18:21",
    "updated_at": "2021-07-15 13:03:20"
  },
  {
    "unique_id": "n58ynt5wqmr8s7oi1f9n",
    "base_currency": "EUR",
    "second_currency": "MWK",
    "symbol": "MWK",
    "rate_of_conversion": 956.11175,
    "expression": null,
    "currency_name": null,
    "country_name": "Malawi",
    "country_abbr": "MW",
    "created_at": "2021-07-15 07:18:21",
    "updated_at": "2021-07-15 13:03:20"
  },
  {
    "unique_id": "lzyw5n3c86npj9qfiw67",
    "base_currency": "EUR",
    "second_currency": "MVR",
    "symbol": "MVR",
    "rate_of_conversion": 18.186852,
    "expression": null,
    "currency_name": null,
    "country_name": "Maldives",
    "country_abbr": "MV",
    "created_at": "2021-07-15 07:18:21",
    "updated_at": "2021-07-15 13:03:20"
  },
  {
    "unique_id": "41x0ra1akewtsrph0trt",
    "base_currency": "EUR",
    "second_currency": "EUR",
    "symbol": "€",
    "rate_of_conversion": 1,
    "expression": null,
    "currency_name": null,
    "country_name": "Martinique",
    "country_abbr": "MQ",
    "created_at": "2021-07-15 07:18:21",
    "updated_at": "2021-07-15 13:03:20"
  },
  {
    "unique_id": "y11vxv56qxp3i5k8iuju",
    "base_currency": "EUR",
    "second_currency": "USD",
    "symbol": "$",
    "rate_of_conversion": 1.181198,
    "expression": null,
    "currency_name": null,
    "country_name": "Northern Mariana Islands",
    "country_abbr": "MP",
    "created_at": "2021-07-15 07:18:21",
    "updated_at": "2021-07-15 13:03:20"
  },
  {
    "unique_id": "sxua44a4632ggy7g0lzo",
    "base_currency": "EUR",
    "second_currency": "XCD",
    "symbol": "XCD",
    "rate_of_conversion": 3.192246,
    "expression": null,
    "currency_name": null,
    "country_name": "Montserrat",
    "country_abbr": "MS",
    "created_at": "2021-07-15 07:18:21",
    "updated_at": "2021-07-15 13:03:20"
  },
  {
    "unique_id": "wx8znfa9pa92p8tkpzv9",
    "base_currency": "EUR",
    "second_currency": "MRO",
    "symbol": "MRO",
    "rate_of_conversion": 421.687452,
    "expression": null,
    "currency_name": null,
    "country_name": "Mauritania",
    "country_abbr": "MR",
    "created_at": "2021-07-15 07:18:21",
    "updated_at": "2021-07-15 13:03:20"
  },
  {
    "unique_id": "eyl45wvrroml5ox2uhud",
    "base_currency": "EUR",
    "second_currency": "GBP",
    "symbol": "£",
    "rate_of_conversion": 0.851886,
    "expression": null,
    "currency_name": null,
    "country_name": "Isle of Man",
    "country_abbr": "IM",
    "created_at": "2021-07-15 07:18:21",
    "updated_at": "2021-07-15 13:03:20"
  },
  {
    "unique_id": "r4x39f2kypb71b65xjkz",
    "base_currency": "EUR",
    "second_currency": "UGX",
    "symbol": "USh",
    "rate_of_conversion": 4195.177486,
    "expression": null,
    "currency_name": null,
    "country_name": "Uganda",
    "country_abbr": "UG",
    "created_at": "2021-07-15 07:18:21",
    "updated_at": "2021-07-15 13:03:20"
  },
  {
    "unique_id": "7xuuf9h5pq9axzmvekq9",
    "base_currency": "EUR",
    "second_currency": "TZS",
    "symbol": "TSh",
    "rate_of_conversion": 2738.965244,
    "expression": null,
    "currency_name": null,
    "country_name": "Tanzania",
    "country_abbr": "TZ",
    "created_at": "2021-07-15 07:18:21",
    "updated_at": "2021-07-15 13:03:20"
  },
  {
    "unique_id": "9pywaq74rve4e4bn08yn",
    "base_currency": "EUR",
    "second_currency": "MYR",
    "symbol": "RM",
    "rate_of_conversion": 4.96398,
    "expression": null,
    "currency_name": null,
    "country_name": "Malaysia",
    "country_abbr": "MY",
    "created_at": "2021-07-15 07:18:21",
    "updated_at": "2021-07-15 13:03:20"
  },
  {
    "unique_id": "7j9gmh07ib8gxr05ytmr",
    "base_currency": "EUR",
    "second_currency": "MXN",
    "symbol": "MX$",
    "rate_of_conversion": 23.548244,
    "expression": null,
    "currency_name": null,
    "country_name": "Mexico",
    "country_abbr": "MX",
    "created_at": "2021-07-15 07:18:21",
    "updated_at": "2021-07-15 13:03:20"
  },
  {
    "unique_id": "9wg9si7t20gdz3v1tucp",
    "base_currency": "EUR",
    "second_currency": "ILS",
    "symbol": "₪",
    "rate_of_conversion": 3.857143,
    "expression": null,
    "currency_name": null,
    "country_name": "Israel",
    "country_abbr": "IL",
    "created_at": "2021-07-15 07:18:21",
    "updated_at": "2021-07-15 13:03:20"
  },
  {
    "unique_id": "368jmjf3acb9twc5xb64",
    "base_currency": "EUR",
    "second_currency": "EUR",
    "symbol": "€",
    "rate_of_conversion": 1,
    "expression": null,
    "currency_name": null,
    "country_name": "France",
    "country_abbr": "FR",
    "created_at": "2021-07-15 07:18:21",
    "updated_at": "2021-07-15 13:03:20"
  },
  {
    "unique_id": "ty6duy9cem6x7njq5fdp",
    "base_currency": "EUR",
    "second_currency": "USD",
    "symbol": "$",
    "rate_of_conversion": 1.181198,
    "expression": null,
    "currency_name": null,
    "country_name": "British Indian Ocean Territory",
    "country_abbr": "IO",
    "created_at": "2021-07-15 07:18:21",
    "updated_at": "2021-07-15 13:03:20"
  },
  {
    "unique_id": "l6gzzmrk9bnltv9160ro",
    "base_currency": "EUR",
    "second_currency": "SHP",
    "symbol": "SHP",
    "rate_of_conversion": 0.853724,
    "expression": null,
    "currency_name": null,
    "country_name": "Saint Helena",
    "country_abbr": "SH",
    "created_at": "2021-07-15 07:18:21",
    "updated_at": "2021-07-15 13:03:20"
  },
  {
    "unique_id": "qgwwwofbfvn5nso0v3zc",
    "base_currency": "EUR",
    "second_currency": "EUR",
    "symbol": "€",
    "rate_of_conversion": 1,
    "expression": null,
    "currency_name": null,
    "country_name": "Finland",
    "country_abbr": "FI",
    "created_at": "2021-07-15 07:18:21",
    "updated_at": "2021-07-15 13:03:20"
  },
  {
    "unique_id": "hisl9nczdadnmqvbtay6",
    "base_currency": "EUR",
    "second_currency": "FJD",
    "symbol": "FJD",
    "rate_of_conversion": 2.444135,
    "expression": null,
    "currency_name": null,
    "country_name": "Fiji",
    "country_abbr": "FJ",
    "created_at": "2021-07-15 07:18:21",
    "updated_at": "2021-07-15 13:03:20"
  },
  {
    "unique_id": "z3sduzt03p0hqjkeb7bz",
    "base_currency": "EUR",
    "second_currency": "FKP",
    "symbol": "FKP",
    "rate_of_conversion": 0.853724,
    "expression": null,
    "currency_name": null,
    "country_name": "Falkland Islands",
    "country_abbr": "FK",
    "created_at": "2021-07-15 07:18:21",
    "updated_at": "2021-07-15 13:03:20"
  },
  {
    "unique_id": "fz6rf91ymsjhyzjyoxr3",
    "base_currency": "EUR",
    "second_currency": "USD",
    "symbol": "$",
    "rate_of_conversion": 1.181198,
    "expression": null,
    "currency_name": null,
    "country_name": "Micronesia",
    "country_abbr": "FM",
    "created_at": "2021-07-15 07:18:21",
    "updated_at": "2021-07-15 13:03:20"
  },
  {
    "unique_id": "zcq9liarouam716c1yb8",
    "base_currency": "EUR",
    "second_currency": "DKK",
    "symbol": "Dkr",
    "rate_of_conversion": 7.43629,
    "expression": null,
    "currency_name": null,
    "country_name": "Faroe Islands",
    "country_abbr": "FO",
    "created_at": "2021-07-15 07:18:21",
    "updated_at": "2021-07-15 13:03:20"
  },
  {
    "unique_id": "2a2thdxnv37d9jhbdpos",
    "base_currency": "EUR",
    "second_currency": "NIO",
    "symbol": "C$",
    "rate_of_conversion": 41.250228,
    "expression": null,
    "currency_name": null,
    "country_name": "Nicaragua",
    "country_abbr": "NI",
    "created_at": "2021-07-15 07:18:21",
    "updated_at": "2021-07-15 13:03:20"
  },
  {
    "unique_id": "b16c64owgtm21ygmspru",
    "base_currency": "EUR",
    "second_currency": "EUR",
    "symbol": "€",
    "rate_of_conversion": 1,
    "expression": null,
    "currency_name": null,
    "country_name": "Netherlands",
    "country_abbr": "NL",
    "created_at": "2021-07-15 07:18:21",
    "updated_at": "2021-07-15 13:03:20"
  },
  {
    "unique_id": "qj2e4wbzvefonktfbjjm",
    "base_currency": "EUR",
    "second_currency": "NOK",
    "symbol": "Nkr",
    "rate_of_conversion": 10.375111,
    "expression": null,
    "currency_name": null,
    "country_name": "Norway",
    "country_abbr": "NO",
    "created_at": "2021-07-15 07:18:21",
    "updated_at": "2021-07-15 13:03:20"
  },
  {
    "unique_id": "q2xcisjb41fm7ya4twz7",
    "base_currency": "EUR",
    "second_currency": "NAD",
    "symbol": "N$",
    "rate_of_conversion": 17.23329,
    "expression": null,
    "currency_name": null,
    "country_name": "Namibia",
    "country_abbr": "NA",
    "created_at": "2021-07-15 07:18:21",
    "updated_at": "2021-07-15 13:03:20"
  },
  {
    "unique_id": "y0gmo1unenc8kfjv065e",
    "base_currency": "EUR",
    "second_currency": "VUV",
    "symbol": "VUV",
    "rate_of_conversion": 130.07198,
    "expression": null,
    "currency_name": null,
    "country_name": "Vanuatu",
    "country_abbr": "VU",
    "created_at": "2021-07-15 07:18:21",
    "updated_at": "2021-07-15 13:03:20"
  },
  {
    "unique_id": "k2msts5rcwb90y474dx4",
    "base_currency": "EUR",
    "second_currency": "XPF",
    "symbol": "XPF",
    "rate_of_conversion": 119.684842,
    "expression": null,
    "currency_name": null,
    "country_name": "New Caledonia",
    "country_abbr": "NC",
    "created_at": "2021-07-15 07:18:21",
    "updated_at": "2021-07-15 13:03:20"
  },
  {
    "unique_id": "hphkuw5de9uj51r0kgx0",
    "base_currency": "EUR",
    "second_currency": "XOF",
    "symbol": "CFA",
    "rate_of_conversion": 655.578435,
    "expression": null,
    "currency_name": null,
    "country_name": "Niger",
    "country_abbr": "NE",
    "created_at": "2021-07-15 07:18:21",
    "updated_at": "2021-07-15 13:03:20"
  },
  {
    "unique_id": "ixqi267ow6lz80qpzlbb",
    "base_currency": "EUR",
    "second_currency": "AUD",
    "symbol": "AU$",
    "rate_of_conversion": 1.58582,
    "expression": null,
    "currency_name": null,
    "country_name": "Norfolk Island",
    "country_abbr": "NF",
    "created_at": "2021-07-15 07:18:21",
    "updated_at": "2021-07-15 13:03:20"
  },
  {
    "unique_id": "4hqoeefnnp8pci4bs9js",
    "base_currency": "EUR",
    "second_currency": "NGN",
    "symbol": "₦",
    "rate_of_conversion": 486.003886,
    "expression": null,
    "currency_name": null,
    "country_name": "Nigeria",
    "country_abbr": "NG",
    "created_at": "2021-07-15 07:18:21",
    "updated_at": "2021-07-15 13:03:20"
  },
  {
    "unique_id": "y0t1fi4qmd8zzhhvkcg1",
    "base_currency": "EUR",
    "second_currency": "NZD",
    "symbol": "NZ$",
    "rate_of_conversion": 1.686811,
    "expression": null,
    "currency_name": null,
    "country_name": "New Zealand",
    "country_abbr": "NZ",
    "created_at": "2021-07-15 07:18:21",
    "updated_at": "2021-07-15 13:03:20"
  },
  {
    "unique_id": "tg0lyqdnfswehkfgq4gs",
    "base_currency": "EUR",
    "second_currency": "NPR",
    "symbol": "NPRs",
    "rate_of_conversion": 140.73148,
    "expression": null,
    "currency_name": null,
    "country_name": "Nepal",
    "country_abbr": "NP",
    "created_at": "2021-07-15 07:18:21",
    "updated_at": "2021-07-15 13:03:20"
  },
  {
    "unique_id": "y3nyl5emy1iugkri53xu",
    "base_currency": "EUR",
    "second_currency": "AUD",
    "symbol": "AU$",
    "rate_of_conversion": 1.58582,
    "expression": null,
    "currency_name": null,
    "country_name": "Nauru",
    "country_abbr": "NR",
    "created_at": "2021-07-15 07:18:21",
    "updated_at": "2021-07-15 13:03:20"
  },
  {
    "unique_id": "civc1k736m7diu9wuvqj",
    "base_currency": "EUR",
    "second_currency": "NZD",
    "symbol": "NZ$",
    "rate_of_conversion": 1.686811,
    "expression": null,
    "currency_name": null,
    "country_name": "Niue",
    "country_abbr": "NU",
    "created_at": "2021-07-15 07:18:21",
    "updated_at": "2021-07-15 13:03:20"
  },
  {
    "unique_id": "u03ua1ggdlath7bpk0tr",
    "base_currency": "EUR",
    "second_currency": "NZD",
    "symbol": "NZ$",
    "rate_of_conversion": 1.686811,
    "expression": null,
    "currency_name": null,
    "country_name": "Cook Islands",
    "country_abbr": "CK",
    "created_at": "2021-07-15 07:18:21",
    "updated_at": "2021-07-15 13:03:20"
  },
  {
    "unique_id": "m7c1qk2bb0xxh0d2s5wy",
    "base_currency": "EUR",
    "second_currency": "EUR",
    "symbol": "€",
    "rate_of_conversion": 1,
    "expression": null,
    "currency_name": null,
    "country_name": "Kosovo",
    "country_abbr": "XK",
    "created_at": "2021-07-15 07:18:21",
    "updated_at": "2021-07-15 13:03:20"
  },
  {
    "unique_id": "cv6mea82lrzuqy7no81o",
    "base_currency": "EUR",
    "second_currency": "XOF",
    "symbol": "CFA",
    "rate_of_conversion": 655.578435,
    "expression": null,
    "currency_name": null,
    "country_name": "Ivory Coast",
    "country_abbr": "CI",
    "created_at": "2021-07-15 07:18:21",
    "updated_at": "2021-07-15 13:03:20"
  },
  {
    "unique_id": "tltqf1ogy4f5h1ov53ho",
    "base_currency": "EUR",
    "second_currency": "CHF",
    "symbol": "CHF",
    "rate_of_conversion": 1.081801,
    "expression": null,
    "currency_name": null,
    "country_name": "Switzerland",
    "country_abbr": "CH",
    "created_at": "2021-07-15 07:18:21",
    "updated_at": "2021-07-15 13:03:20"
  },
  {
    "unique_id": "qii5mn8cch37ywfykojz",
    "base_currency": "EUR",
    "second_currency": "COP",
    "symbol": "CO$",
    "rate_of_conversion": 4481.01243,
    "expression": null,
    "currency_name": null,
    "country_name": "Colombia",
    "country_abbr": "CO",
    "created_at": "2021-07-15 07:18:21",
    "updated_at": "2021-07-15 13:03:20"
  },
  {
    "unique_id": "07j94vtddupxxuegri39",
    "base_currency": "EUR",
    "second_currency": "CNY",
    "symbol": "CN¥",
    "rate_of_conversion": 7.629592,
    "expression": null,
    "currency_name": null,
    "country_name": "China",
    "country_abbr": "CN",
    "created_at": "2021-07-15 07:18:21",
    "updated_at": "2021-07-15 13:03:20"
  },
  {
    "unique_id": "ugpu0w8u0vp1dl3dtebj",
    "base_currency": "EUR",
    "second_currency": "XAF",
    "symbol": "FCFA",
    "rate_of_conversion": 655.484151,
    "expression": null,
    "currency_name": null,
    "country_name": "Cameroon",
    "country_abbr": "CM",
    "created_at": "2021-07-15 07:18:21",
    "updated_at": "2021-07-15 13:03:20"
  },
  {
    "unique_id": "ibm7p1tvdnma55slrq2a",
    "base_currency": "EUR",
    "second_currency": "CLP",
    "symbol": "CL$",
    "rate_of_conversion": 880.145436,
    "expression": null,
    "currency_name": null,
    "country_name": "Chile",
    "country_abbr": "CL",
    "created_at": "2021-07-15 07:18:21",
    "updated_at": "2021-07-15 13:03:20"
  },
  {
    "unique_id": "9jm6gzxkv97d3c29a8m6",
    "base_currency": "EUR",
    "second_currency": "AUD",
    "symbol": "AU$",
    "rate_of_conversion": 1.58582,
    "expression": null,
    "currency_name": null,
    "country_name": "Cocos Islands",
    "country_abbr": "CC",
    "created_at": "2021-07-15 07:18:21",
    "updated_at": "2021-07-15 13:03:20"
  },
  {
    "unique_id": "zpzjuxgyr2q752oh5e1g",
    "base_currency": "EUR",
    "second_currency": "CAD",
    "symbol": "CA$",
    "rate_of_conversion": 1.479929,
    "expression": null,
    "currency_name": null,
    "country_name": "Canada",
    "country_abbr": "CA",
    "created_at": "2021-07-15 07:18:21",
    "updated_at": "2021-07-15 13:03:20"
  },
  {
    "unique_id": "vskdh80qmbaldymjxngi",
    "base_currency": "EUR",
    "second_currency": "XAF",
    "symbol": "FCFA",
    "rate_of_conversion": 655.484151,
    "expression": null,
    "currency_name": null,
    "country_name": "Republic of the Congo",
    "country_abbr": "CG",
    "created_at": "2021-07-15 07:18:21",
    "updated_at": "2021-07-15 13:03:20"
  },
  {
    "unique_id": "pxlgi49qwjr10p6h14v4",
    "base_currency": "EUR",
    "second_currency": "XAF",
    "symbol": "FCFA",
    "rate_of_conversion": 655.484151,
    "expression": null,
    "currency_name": null,
    "country_name": "Central African Republic",
    "country_abbr": "CF",
    "created_at": "2021-07-15 07:18:21",
    "updated_at": "2021-07-15 13:03:20"
  },
  {
    "unique_id": "5n056u2c9mdn8jfrbbxp",
    "base_currency": "EUR",
    "second_currency": "CDF",
    "symbol": "CDF",
    "rate_of_conversion": 2362.395739,
    "expression": null,
    "currency_name": null,
    "country_name": "Democratic Republic of the Congo",
    "country_abbr": "CD",
    "created_at": "2021-07-15 07:18:21",
    "updated_at": "2021-07-15 13:03:20"
  },
  {
    "unique_id": "tz4vfd9dwnx3gsahyswv",
    "base_currency": "EUR",
    "second_currency": "CZK",
    "symbol": "Kč",
    "rate_of_conversion": 25.585926,
    "expression": null,
    "currency_name": null,
    "country_name": "Czech Republic",
    "country_abbr": "CZ",
    "created_at": "2021-07-15 07:18:21",
    "updated_at": "2021-07-15 13:03:20"
  },
  {
    "unique_id": "zpasu9n7hx9hftl2k8dr",
    "base_currency": "EUR",
    "second_currency": "EUR",
    "symbol": "€",
    "rate_of_conversion": 1,
    "expression": null,
    "currency_name": null,
    "country_name": "Cyprus",
    "country_abbr": "CY",
    "created_at": "2021-07-15 07:18:21",
    "updated_at": "2021-07-15 13:03:20"
  },
  {
    "unique_id": "1bmoj1a9xat59o9z45c5",
    "base_currency": "EUR",
    "second_currency": "AUD",
    "symbol": "AU$",
    "rate_of_conversion": 1.58582,
    "expression": null,
    "currency_name": null,
    "country_name": "Christmas Island",
    "country_abbr": "CX",
    "created_at": "2021-07-15 07:18:21",
    "updated_at": "2021-07-15 13:03:20"
  },
  {
    "unique_id": "jvh2rlaftzx9d72u7zoa",
    "base_currency": "EUR",
    "second_currency": "CRC",
    "symbol": "₡",
    "rate_of_conversion": 731.881883,
    "expression": null,
    "currency_name": null,
    "country_name": "Costa Rica",
    "country_abbr": "CR",
    "created_at": "2021-07-15 07:18:21",
    "updated_at": "2021-07-15 13:03:20"
  },
  {
    "unique_id": "vyttwfu3y6q1je61ulr3",
    "base_currency": "EUR",
    "second_currency": "ANG",
    "symbol": "ANG",
    "rate_of_conversion": 2.120049,
    "expression": null,
    "currency_name": null,
    "country_name": "Curacao",
    "country_abbr": "CW",
    "created_at": "2021-07-15 07:18:21",
    "updated_at": "2021-07-15 13:03:20"
  },
  {
    "unique_id": "77w1eaz429ohzbeetath",
    "base_currency": "EUR",
    "second_currency": "CVE",
    "symbol": "CV$",
    "rate_of_conversion": 110.201364,
    "expression": null,
    "currency_name": null,
    "country_name": "Cape Verde",
    "country_abbr": "CV",
    "created_at": "2021-07-15 07:18:21",
    "updated_at": "2021-07-15 13:03:20"
  },
  {
    "unique_id": "rb6fogzfga44n6kvip07",
    "base_currency": "EUR",
    "second_currency": "CUP",
    "symbol": "CUP",
    "rate_of_conversion": 31.301745,
    "expression": null,
    "currency_name": null,
    "country_name": "Cuba",
    "country_abbr": "CU",
    "created_at": "2021-07-15 07:18:21",
    "updated_at": "2021-07-15 13:03:20"
  },
  {
    "unique_id": "hrrbniypzudvryukyzrr",
    "base_currency": "EUR",
    "second_currency": "SZL",
    "symbol": "SZL",
    "rate_of_conversion": 17.217449,
    "expression": null,
    "currency_name": null,
    "country_name": "Swaziland",
    "country_abbr": "SZ",
    "created_at": "2021-07-15 07:18:21",
    "updated_at": "2021-07-15 13:03:20"
  },
  {
    "unique_id": "7jfgmv1d5bbik2mnqkw4",
    "base_currency": "EUR",
    "second_currency": "SYP",
    "symbol": "SY£",
    "rate_of_conversion": 1485.197795,
    "expression": null,
    "currency_name": null,
    "country_name": "Syria",
    "country_abbr": "SY",
    "created_at": "2021-07-15 07:18:21",
    "updated_at": "2021-07-15 13:03:20"
  },
  {
    "unique_id": "g1z37cgv4cewj6n8sm5r",
    "base_currency": "EUR",
    "second_currency": "ANG",
    "symbol": "ANG",
    "rate_of_conversion": 2.120049,
    "expression": null,
    "currency_name": null,
    "country_name": "Sint Maarten",
    "country_abbr": "SX",
    "created_at": "2021-07-15 07:18:21",
    "updated_at": "2021-07-15 13:03:20"
  },
  {
    "unique_id": "mqozigz5xdal56s1s753",
    "base_currency": "EUR",
    "second_currency": "KGS",
    "symbol": "KGS",
    "rate_of_conversion": 100.121049,
    "expression": null,
    "currency_name": null,
    "country_name": "Kyrgyzstan",
    "country_abbr": "KG",
    "created_at": "2021-07-15 07:18:21",
    "updated_at": "2021-07-15 13:03:20"
  },
  {
    "unique_id": "214674syv0bx0hja978w",
    "base_currency": "EUR",
    "second_currency": "KES",
    "symbol": "Ksh",
    "rate_of_conversion": 127.794768,
    "expression": null,
    "currency_name": null,
    "country_name": "Kenya",
    "country_abbr": "KE",
    "created_at": "2021-07-15 07:18:21",
    "updated_at": "2021-07-15 13:03:20"
  },
  {
    "unique_id": "qafyu437rj25l43q03bf",
    "base_currency": "EUR",
    "second_currency": "SSP",
    "symbol": "SSP",
    "rate_of_conversion": null,
    "expression": null,
    "currency_name": null,
    "country_name": "South Sudan",
    "country_abbr": "SS",
    "created_at": "2021-07-15 07:18:21",
    "updated_at": "2021-07-15 07:18:21"
  },
  {
    "unique_id": "fxdztu3534j5tjwkg8m8",
    "base_currency": "EUR",
    "second_currency": "SRD",
    "symbol": "SRD",
    "rate_of_conversion": 25.111047,
    "expression": null,
    "currency_name": null,
    "country_name": "Suriname",
    "country_abbr": "SR",
    "created_at": "2021-07-15 07:18:21",
    "updated_at": "2021-07-15 13:03:20"
  },
  {
    "unique_id": "0roi4slttu68fri7j89j",
    "base_currency": "EUR",
    "second_currency": "AUD",
    "symbol": "AU$",
    "rate_of_conversion": 1.58582,
    "expression": null,
    "currency_name": null,
    "country_name": "Kiribati",
    "country_abbr": "KI",
    "created_at": "2021-07-15 07:18:21",
    "updated_at": "2021-07-15 13:03:20"
  },
  {
    "unique_id": "atjnz6zdvyqruqhw2hpg",
    "base_currency": "EUR",
    "second_currency": "KHR",
    "symbol": "KHR",
    "rate_of_conversion": 4806.332838,
    "expression": null,
    "currency_name": null,
    "country_name": "Cambodia",
    "country_abbr": "KH",
    "created_at": "2021-07-15 07:18:21",
    "updated_at": "2021-07-15 13:03:20"
  },
  {
    "unique_id": "mn82k4kutc3vboyk5cxr",
    "base_currency": "EUR",
    "second_currency": "XCD",
    "symbol": "XCD",
    "rate_of_conversion": 3.192246,
    "expression": null,
    "currency_name": null,
    "country_name": "Saint Kitts and Nevis",
    "country_abbr": "KN",
    "created_at": "2021-07-15 07:18:21",
    "updated_at": "2021-07-15 13:03:20"
  },
  {
    "unique_id": "ftk8hp2zx19yu0r03yhh",
    "base_currency": "EUR",
    "second_currency": "KMF",
    "symbol": "CF",
    "rate_of_conversion": 491.847679,
    "expression": null,
    "currency_name": null,
    "country_name": "Comoros",
    "country_abbr": "KM",
    "created_at": "2021-07-15 07:18:21",
    "updated_at": "2021-07-15 13:03:20"
  },
  {
    "unique_id": "arqp99y98hjz61883gv2",
    "base_currency": "EUR",
    "second_currency": "STD",
    "symbol": "STD",
    "rate_of_conversion": 24332.469193,
    "expression": null,
    "currency_name": null,
    "country_name": "Sao Tome and Principe",
    "country_abbr": "ST",
    "created_at": "2021-07-15 07:18:21",
    "updated_at": "2021-07-15 13:03:20"
  },
  {
    "unique_id": "2rpd6h1yvelpfmopccvk",
    "base_currency": "EUR",
    "second_currency": "EUR",
    "symbol": "€",
    "rate_of_conversion": 1,
    "expression": null,
    "currency_name": null,
    "country_name": "Slovakia",
    "country_abbr": "SK",
    "created_at": "2021-07-15 07:18:21",
    "updated_at": "2021-07-15 13:03:20"
  },
  {
    "unique_id": "fhfp4dkjva4vzfppewm3",
    "base_currency": "EUR",
    "second_currency": "KRW",
    "symbol": "₩",
    "rate_of_conversion": 1349.140185,
    "expression": null,
    "currency_name": null,
    "country_name": "South Korea",
    "country_abbr": "KR",
    "created_at": "2021-07-15 07:18:21",
    "updated_at": "2021-07-15 13:03:20"
  },
  {
    "unique_id": "kmxcqp8hu3io63pfnoto",
    "base_currency": "EUR",
    "second_currency": "EUR",
    "symbol": "€",
    "rate_of_conversion": 1,
    "expression": null,
    "currency_name": null,
    "country_name": "Slovenia",
    "country_abbr": "SI",
    "created_at": "2021-07-15 07:18:21",
    "updated_at": "2021-07-15 13:03:20"
  },
  {
    "unique_id": "ryb4vur1wz61j1jsthhr",
    "base_currency": "EUR",
    "second_currency": "KPW",
    "symbol": "KPW",
    "rate_of_conversion": 1063.078131,
    "expression": null,
    "currency_name": null,
    "country_name": "North Korea",
    "country_abbr": "KP",
    "created_at": "2021-07-15 07:18:21",
    "updated_at": "2021-07-15 13:03:20"
  },
  {
    "unique_id": "b4mdyoh17qu4z81zwa32",
    "base_currency": "EUR",
    "second_currency": "KWD",
    "symbol": "KD",
    "rate_of_conversion": 0.355092,
    "expression": null,
    "currency_name": null,
    "country_name": "Kuwait",
    "country_abbr": "KW",
    "created_at": "2021-07-15 07:18:21",
    "updated_at": "2021-07-15 13:03:20"
  },
  {
    "unique_id": "33i3eax90vqbrfzq6wbw",
    "base_currency": "EUR",
    "second_currency": "XOF",
    "symbol": "CFA",
    "rate_of_conversion": 655.578435,
    "expression": null,
    "currency_name": null,
    "country_name": "Senegal",
    "country_abbr": "SN",
    "created_at": "2021-07-15 07:18:21",
    "updated_at": "2021-07-15 13:03:20"
  },
  {
    "unique_id": "u2kdp4v27hb80xx4vwdw",
    "base_currency": "EUR",
    "second_currency": "EUR",
    "symbol": "€",
    "rate_of_conversion": 1,
    "expression": null,
    "currency_name": null,
    "country_name": "San Marino",
    "country_abbr": "SM",
    "created_at": "2021-07-15 07:18:21",
    "updated_at": "2021-07-15 13:03:20"
  },
  {
    "unique_id": "e6lmhitpbsh5fm4d7rvd",
    "base_currency": "EUR",
    "second_currency": "SLL",
    "symbol": "SLL",
    "rate_of_conversion": 12107.278788,
    "expression": null,
    "currency_name": null,
    "country_name": "Sierra Leone",
    "country_abbr": "SL",
    "created_at": "2021-07-15 07:18:21",
    "updated_at": "2021-07-15 13:03:20"
  },
  {
    "unique_id": "3v3di1iaamsqtbz1dxzx",
    "base_currency": "EUR",
    "second_currency": "SCR",
    "symbol": "SCR",
    "rate_of_conversion": 17.052575,
    "expression": null,
    "currency_name": null,
    "country_name": "Seychelles",
    "country_abbr": "SC",
    "created_at": "2021-07-15 07:18:21",
    "updated_at": "2021-07-15 13:03:20"
  },
  {
    "unique_id": "qgjhwc9t7apok1x02m1s",
    "base_currency": "EUR",
    "second_currency": "KZT",
    "symbol": "KZT",
    "rate_of_conversion": 503.257914,
    "expression": null,
    "currency_name": null,
    "country_name": "Kazakhstan",
    "country_abbr": "KZ",
    "created_at": "2021-07-15 07:18:21",
    "updated_at": "2021-07-15 13:03:20"
  },
  {
    "unique_id": "bgzdzpfyac51xkd3lkjm",
    "base_currency": "EUR",
    "second_currency": "KYD",
    "symbol": "KYD",
    "rate_of_conversion": 0.98424,
    "expression": null,
    "currency_name": null,
    "country_name": "Cayman Islands",
    "country_abbr": "KY",
    "created_at": "2021-07-15 07:18:21",
    "updated_at": "2021-07-15 13:03:20"
  },
  {
    "unique_id": "ilev7psz9d8cwuozpugz",
    "base_currency": "EUR",
    "second_currency": "SGD",
    "symbol": "S$",
    "rate_of_conversion": 1.599211,
    "expression": null,
    "currency_name": null,
    "country_name": "Singapore",
    "country_abbr": "SG",
    "created_at": "2021-07-15 07:18:21",
    "updated_at": "2021-07-15 13:03:20"
  },
  {
    "unique_id": "qa5hvezms4l502cpi44n",
    "base_currency": "EUR",
    "second_currency": "SEK",
    "symbol": "Skr",
    "rate_of_conversion": 10.23322,
    "expression": null,
    "currency_name": null,
    "country_name": "Sweden",
    "country_abbr": "SE",
    "created_at": "2021-07-15 07:18:21",
    "updated_at": "2021-07-15 13:03:20"
  },
  {
    "unique_id": "ak4al5b72h9lmuyvaelb",
    "base_currency": "EUR",
    "second_currency": "SDG",
    "symbol": "SDG",
    "rate_of_conversion": 526.814284,
    "expression": null,
    "currency_name": null,
    "country_name": "Sudan",
    "country_abbr": "SD",
    "created_at": "2021-07-15 07:18:21",
    "updated_at": "2021-07-15 13:03:20"
  },
  {
    "unique_id": "9vl2x2uog3fxd1w5eio5",
    "base_currency": "EUR",
    "second_currency": "DOP",
    "symbol": "RD$",
    "rate_of_conversion": 67.368243,
    "expression": null,
    "currency_name": null,
    "country_name": "Dominican Republic",
    "country_abbr": "DO",
    "created_at": "2021-07-15 07:18:21",
    "updated_at": "2021-07-15 13:03:20"
  },
  {
    "unique_id": "epzpaycy0hgr2vkjyc5u",
    "base_currency": "EUR",
    "second_currency": "XCD",
    "symbol": "XCD",
    "rate_of_conversion": 3.192246,
    "expression": null,
    "currency_name": null,
    "country_name": "Dominica",
    "country_abbr": "DM",
    "created_at": "2021-07-15 07:18:21",
    "updated_at": "2021-07-15 13:03:20"
  },
  {
    "unique_id": "mj0t58libg7gvwpfnlkv",
    "base_currency": "EUR",
    "second_currency": "DJF",
    "symbol": "Fdj",
    "rate_of_conversion": 210.258586,
    "expression": null,
    "currency_name": null,
    "country_name": "Djibouti",
    "country_abbr": "DJ",
    "created_at": "2021-07-15 07:18:21",
    "updated_at": "2021-07-15 13:03:20"
  },
  {
    "unique_id": "vsdw328ki1r46vr631gn",
    "base_currency": "EUR",
    "second_currency": "DKK",
    "symbol": "Dkr",
    "rate_of_conversion": 7.43629,
    "expression": null,
    "currency_name": null,
    "country_name": "Denmark",
    "country_abbr": "DK",
    "created_at": "2021-07-15 07:18:21",
    "updated_at": "2021-07-15 13:03:20"
  },
  {
    "unique_id": "t7xqnekfifs7xqj8ad1g",
    "base_currency": "EUR",
    "second_currency": "USD",
    "symbol": "$",
    "rate_of_conversion": 1.181198,
    "expression": null,
    "currency_name": null,
    "country_name": "British Virgin Islands",
    "country_abbr": "VG",
    "created_at": "2021-07-15 07:18:21",
    "updated_at": "2021-07-15 13:03:20"
  },
  {
    "unique_id": "rqzusgrd7tbjpck2ct5f",
    "base_currency": "EUR",
    "second_currency": "EUR",
    "symbol": "€",
    "rate_of_conversion": 1,
    "expression": null,
    "currency_name": null,
    "country_name": "Germany",
    "country_abbr": "DE",
    "created_at": "2021-07-15 07:18:21",
    "updated_at": "2021-07-15 13:03:20"
  },
  {
    "unique_id": "o31shnzk4mfjsds53ekp",
    "base_currency": "EUR",
    "second_currency": "YER",
    "symbol": "YR",
    "rate_of_conversion": 295.654456,
    "expression": null,
    "currency_name": null,
    "country_name": "Yemen",
    "country_abbr": "YE",
    "created_at": "2021-07-15 07:18:21",
    "updated_at": "2021-07-15 13:03:20"
  },
  {
    "unique_id": "2m7empw4vemdyh5qw0vo",
    "base_currency": "EUR",
    "second_currency": "DZD",
    "symbol": "DA",
    "rate_of_conversion": 158.679981,
    "expression": null,
    "currency_name": null,
    "country_name": "Algeria",
    "country_abbr": "DZ",
    "created_at": "2021-07-15 07:18:21",
    "updated_at": "2021-07-15 13:03:20"
  },
  {
    "unique_id": "q095c4p26uy3g6m5yrj0",
    "base_currency": "EUR",
    "second_currency": "USD",
    "symbol": "$",
    "rate_of_conversion": 1.181198,
    "expression": null,
    "currency_name": null,
    "country_name": "United States",
    "country_abbr": "US",
    "created_at": "2021-07-15 07:18:21",
    "updated_at": "2021-07-15 13:03:20"
  },
  {
    "unique_id": "zs01yebbqftjjdethfcw",
    "base_currency": "EUR",
    "second_currency": "UYU",
    "symbol": "$U",
    "rate_of_conversion": 51.938008,
    "expression": null,
    "currency_name": null,
    "country_name": "Uruguay",
    "country_abbr": "UY",
    "created_at": "2021-07-15 07:18:21",
    "updated_at": "2021-07-15 13:03:20"
  },
  {
    "unique_id": "v4ffqppnwitt0jy2ufzl",
    "base_currency": "EUR",
    "second_currency": "EUR",
    "symbol": "€",
    "rate_of_conversion": 1,
    "expression": null,
    "currency_name": null,
    "country_name": "Mayotte",
    "country_abbr": "YT",
    "created_at": "2021-07-15 07:18:21",
    "updated_at": "2021-07-15 13:03:20"
  },
  {
    "unique_id": "uklz78f826paikdtum0c",
    "base_currency": "EUR",
    "second_currency": "USD",
    "symbol": "$",
    "rate_of_conversion": 1.181198,
    "expression": null,
    "currency_name": null,
    "country_name": "United States Minor Outlying Islands",
    "country_abbr": "UM",
    "created_at": "2021-07-15 07:18:21",
    "updated_at": "2021-07-15 13:03:20"
  },
  {
    "unique_id": "6ze4n6189xqx90knlizm",
    "base_currency": "EUR",
    "second_currency": "LBP",
    "symbol": "LB£",
    "rate_of_conversion": 1786.045963,
    "expression": null,
    "currency_name": null,
    "country_name": "Lebanon",
    "country_abbr": "LB",
    "created_at": "2021-07-15 07:18:21",
    "updated_at": "2021-07-15 13:03:20"
  },
  {
    "unique_id": "s7zklyr1stvolkb1zj2q",
    "base_currency": "EUR",
    "second_currency": "XCD",
    "symbol": "XCD",
    "rate_of_conversion": 3.192246,
    "expression": null,
    "currency_name": null,
    "country_name": "Saint Lucia",
    "country_abbr": "LC",
    "created_at": "2021-07-15 07:18:21",
    "updated_at": "2021-07-15 13:03:20"
  },
  {
    "unique_id": "gmh7idz37nn50mxha73z",
    "base_currency": "EUR",
    "second_currency": "LAK",
    "symbol": "LAK",
    "rate_of_conversion": 11238.005731,
    "expression": null,
    "currency_name": null,
    "country_name": "Laos",
    "country_abbr": "LA",
    "created_at": "2021-07-15 07:18:21",
    "updated_at": "2021-07-15 13:03:20"
  },
  {
    "unique_id": "qizex1quisypf7bz14dw",
    "base_currency": "EUR",
    "second_currency": "AUD",
    "symbol": "AU$",
    "rate_of_conversion": 1.58582,
    "expression": null,
    "currency_name": null,
    "country_name": "Tuvalu",
    "country_abbr": "TV",
    "created_at": "2021-07-15 07:18:21",
    "updated_at": "2021-07-15 13:03:20"
  },
  {
    "unique_id": "myo1v4eyyqjh626ys4c9",
    "base_currency": "EUR",
    "second_currency": "TWD",
    "symbol": "NT$",
    "rate_of_conversion": 32.982349,
    "expression": null,
    "currency_name": null,
    "country_name": "Taiwan",
    "country_abbr": "TW",
    "created_at": "2021-07-15 07:18:21",
    "updated_at": "2021-07-15 13:03:20"
  },
  {
    "unique_id": "iauuzkve1la71eyh8h48",
    "base_currency": "EUR",
    "second_currency": "TTD",
    "symbol": "TT$",
    "rate_of_conversion": 8.019969,
    "expression": null,
    "currency_name": null,
    "country_name": "Trinidad and Tobago",
    "country_abbr": "TT",
    "created_at": "2021-07-15 07:18:21",
    "updated_at": "2021-07-15 13:03:20"
  },
  {
    "unique_id": "w6727anoo0fglmw4lx4i",
    "base_currency": "EUR",
    "second_currency": "TRY",
    "symbol": "TL",
    "rate_of_conversion": 10.109394,
    "expression": null,
    "currency_name": null,
    "country_name": "Turkey",
    "country_abbr": "TR",
    "created_at": "2021-07-15 07:18:21",
    "updated_at": "2021-07-15 13:03:20"
  },
  {
    "unique_id": "avbajc814hfbgl5golsa",
    "base_currency": "EUR",
    "second_currency": "LKR",
    "symbol": "SLRs",
    "rate_of_conversion": 235.000777,
    "expression": null,
    "currency_name": null,
    "country_name": "Sri Lanka",
    "country_abbr": "LK",
    "created_at": "2021-07-15 07:18:21",
    "updated_at": "2021-07-15 13:03:20"
  },
  {
    "unique_id": "za4ygl29nhmcbiit1crm",
    "base_currency": "EUR",
    "second_currency": "CHF",
    "symbol": "CHF",
    "rate_of_conversion": 1.081801,
    "expression": null,
    "currency_name": null,
    "country_name": "Liechtenstein",
    "country_abbr": "LI",
    "created_at": "2021-07-15 07:18:21",
    "updated_at": "2021-07-15 13:03:20"
  },
  {
    "unique_id": "tq34h638ln3w5bjzpily",
    "base_currency": "EUR",
    "second_currency": "EUR",
    "symbol": "€",
    "rate_of_conversion": 1,
    "expression": null,
    "currency_name": null,
    "country_name": "Latvia",
    "country_abbr": "LV",
    "created_at": "2021-07-15 07:18:21",
    "updated_at": "2021-07-15 13:03:20"
  },
  {
    "unique_id": "4i3gauai0n7pb02jt3vl",
    "base_currency": "EUR",
    "second_currency": "TOP",
    "symbol": "T$",
    "rate_of_conversion": 2.668565,
    "expression": null,
    "currency_name": null,
    "country_name": "Tonga",
    "country_abbr": "TO",
    "created_at": "2021-07-15 07:18:21",
    "updated_at": "2021-07-15 13:03:20"
  },
  {
    "unique_id": "iajnxuit9pj4ymobujrf",
    "base_currency": "EUR",
    "second_currency": "EUR",
    "symbol": "€",
    "rate_of_conversion": 1,
    "expression": null,
    "currency_name": null,
    "country_name": "Lithuania",
    "country_abbr": "LT",
    "created_at": "2021-07-15 07:18:21",
    "updated_at": "2021-07-15 13:03:20"
  },
  {
    "unique_id": "3v6lhb3yk4x9ewq5l5no",
    "base_currency": "EUR",
    "second_currency": "EUR",
    "symbol": "€",
    "rate_of_conversion": 1,
    "expression": null,
    "currency_name": null,
    "country_name": "Luxembourg",
    "country_abbr": "LU",
    "created_at": "2021-07-15 07:18:21",
    "updated_at": "2021-07-15 13:03:20"
  },
  {
    "unique_id": "xbqiozix4wjbxetrqay2",
    "base_currency": "EUR",
    "second_currency": "LRD",
    "symbol": "LRD",
    "rate_of_conversion": 202.634775,
    "expression": null,
    "currency_name": null,
    "country_name": "Liberia",
    "country_abbr": "LR",
    "created_at": "2021-07-15 07:18:21",
    "updated_at": "2021-07-15 13:03:20"
  },
  {
    "unique_id": "01fcmfosfog068nehcr7",
    "base_currency": "EUR",
    "second_currency": "LSL",
    "symbol": "LSL",
    "rate_of_conversion": 17.233147,
    "expression": null,
    "currency_name": null,
    "country_name": "Lesotho",
    "country_abbr": "LS",
    "created_at": "2021-07-15 07:18:21",
    "updated_at": "2021-07-15 13:03:20"
  },
  {
    "unique_id": "n02u66qxzf63c0z3mfeu",
    "base_currency": "EUR",
    "second_currency": "THB",
    "symbol": "฿",
    "rate_of_conversion": 38.606867,
    "expression": null,
    "currency_name": null,
    "country_name": "Thailand",
    "country_abbr": "TH",
    "created_at": "2021-07-15 07:18:21",
    "updated_at": "2021-07-15 13:03:20"
  },
  {
    "unique_id": "katsd31gv6bixmp6ltif",
    "base_currency": "EUR",
    "second_currency": "EUR",
    "symbol": "€",
    "rate_of_conversion": 1,
    "expression": null,
    "currency_name": null,
    "country_name": "French Southern Territories",
    "country_abbr": "TF",
    "created_at": "2021-07-15 07:18:21",
    "updated_at": "2021-07-15 13:03:20"
  },
  {
    "unique_id": "gt2kouinowcqxex4srmj",
    "base_currency": "EUR",
    "second_currency": "XOF",
    "symbol": "CFA",
    "rate_of_conversion": 655.578435,
    "expression": null,
    "currency_name": null,
    "country_name": "Togo",
    "country_abbr": "TG",
    "created_at": "2021-07-15 07:18:21",
    "updated_at": "2021-07-15 13:03:20"
  },
  {
    "unique_id": "4hdsvoe8evxypajromhq",
    "base_currency": "EUR",
    "second_currency": "XAF",
    "symbol": "FCFA",
    "rate_of_conversion": 655.484151,
    "expression": null,
    "currency_name": null,
    "country_name": "Chad",
    "country_abbr": "TD",
    "created_at": "2021-07-15 07:18:21",
    "updated_at": "2021-07-15 13:03:20"
  },
  {
    "unique_id": "8etyie9r6gc74kqeowyp",
    "base_currency": "EUR",
    "second_currency": "USD",
    "symbol": "$",
    "rate_of_conversion": 1.181198,
    "expression": null,
    "currency_name": null,
    "country_name": "Turks and Caicos Islands",
    "country_abbr": "TC",
    "created_at": "2021-07-15 07:18:21",
    "updated_at": "2021-07-15 13:03:20"
  },
  {
    "unique_id": "fjz6g15b26193wdm1j8n",
    "base_currency": "EUR",
    "second_currency": "LYD",
    "symbol": "LD",
    "rate_of_conversion": 5.339817,
    "expression": null,
    "currency_name": null,
    "country_name": "Libya",
    "country_abbr": "LY",
    "created_at": "2021-07-15 07:18:21",
    "updated_at": "2021-07-15 13:03:20"
  },
  {
    "unique_id": "t6hfkneokb5qw1zi5u3p",
    "base_currency": "EUR",
    "second_currency": "EUR",
    "symbol": "€",
    "rate_of_conversion": 1,
    "expression": null,
    "currency_name": null,
    "country_name": "Vatican",
    "country_abbr": "VA",
    "created_at": "2021-07-15 07:18:21",
    "updated_at": "2021-07-15 13:03:20"
  },
  {
    "unique_id": "ugev755bg00uoyk1rcta",
    "base_currency": "EUR",
    "second_currency": "XCD",
    "symbol": "XCD",
    "rate_of_conversion": 3.192246,
    "expression": null,
    "currency_name": null,
    "country_name": "Saint Vincent and the Grenadines",
    "country_abbr": "VC",
    "created_at": "2021-07-15 07:18:21",
    "updated_at": "2021-07-15 13:03:20"
  },
  {
    "unique_id": "bd4xsbvlw3syyqftx4ic",
    "base_currency": "EUR",
    "second_currency": "AED",
    "symbol": "AED",
    "rate_of_conversion": 4.338534,
    "expression": null,
    "currency_name": null,
    "country_name": "United Arab Emirates",
    "country_abbr": "AE",
    "created_at": "2021-07-15 07:18:21",
    "updated_at": "2021-07-15 13:03:20"
  },
  {
    "unique_id": "h6isiwmvmqazwoj51ebw",
    "base_currency": "EUR",
    "second_currency": "EUR",
    "symbol": "€",
    "rate_of_conversion": 1,
    "expression": null,
    "currency_name": null,
    "country_name": "Andorra",
    "country_abbr": "AD",
    "created_at": "2021-07-15 07:18:21",
    "updated_at": "2021-07-15 13:03:20"
  },
  {
    "unique_id": "espa5j5o8mg9ekvutoyk",
    "base_currency": "EUR",
    "second_currency": "XCD",
    "symbol": "XCD",
    "rate_of_conversion": 3.192246,
    "expression": null,
    "currency_name": null,
    "country_name": "Antigua and Barbuda",
    "country_abbr": "AG",
    "created_at": "2021-07-15 07:18:21",
    "updated_at": "2021-07-15 13:03:20"
  },
  {
    "unique_id": "6umzhptrwuvalebtxyod",
    "base_currency": "EUR",
    "second_currency": "AFN",
    "symbol": "Af",
    "rate_of_conversion": 94.006512,
    "expression": null,
    "currency_name": null,
    "country_name": "Afghanistan",
    "country_abbr": "AF",
    "created_at": "2021-07-15 07:18:21",
    "updated_at": "2021-07-15 13:03:20"
  },
  {
    "unique_id": "guq29boejt7d49x1raip",
    "base_currency": "EUR",
    "second_currency": "XCD",
    "symbol": "XCD",
    "rate_of_conversion": 3.192246,
    "expression": null,
    "currency_name": null,
    "country_name": "Anguilla",
    "country_abbr": "AI",
    "created_at": "2021-07-15 07:18:21",
    "updated_at": "2021-07-15 13:03:20"
  },
  {
    "unique_id": "j710x212wpzv5rism9fm",
    "base_currency": "EUR",
    "second_currency": "USD",
    "symbol": "$",
    "rate_of_conversion": 1.181198,
    "expression": null,
    "currency_name": null,
    "country_name": "U.S. Virgin Islands",
    "country_abbr": "VI",
    "created_at": "2021-07-15 07:18:21",
    "updated_at": "2021-07-15 13:03:20"
  },
  {
    "unique_id": "plosceuc3im41spn1axg",
    "base_currency": "EUR",
    "second_currency": "ISK",
    "symbol": "Ikr",
    "rate_of_conversion": 146.031039,
    "expression": null,
    "currency_name": null,
    "country_name": "Iceland",
    "country_abbr": "IS",
    "created_at": "2021-07-15 07:18:21",
    "updated_at": "2021-07-15 13:03:20"
  },
  {
    "unique_id": "1z9wa4yzgte9b6lmgxyd",
    "base_currency": "EUR",
    "second_currency": "IRR",
    "symbol": "IRR",
    "rate_of_conversion": 49734.337699,
    "expression": null,
    "currency_name": null,
    "country_name": "Iran",
    "country_abbr": "IR",
    "created_at": "2021-07-15 07:18:21",
    "updated_at": "2021-07-15 13:03:20"
  },
  {
    "unique_id": "0s1zslam3555cbzz7wt6",
    "base_currency": "EUR",
    "second_currency": "AMD",
    "symbol": "AMD",
    "rate_of_conversion": 588.250274,
    "expression": null,
    "currency_name": null,
    "country_name": "Armenia",
    "country_abbr": "AM",
    "created_at": "2021-07-15 07:18:21",
    "updated_at": "2021-07-15 13:03:20"
  },
  {
    "unique_id": "urry8r3cnfn03ltkdtka",
    "base_currency": "EUR",
    "second_currency": "ALL",
    "symbol": "ALL",
    "rate_of_conversion": 122.451364,
    "expression": null,
    "currency_name": null,
    "country_name": "Albania",
    "country_abbr": "AL",
    "created_at": "2021-07-15 07:18:21",
    "updated_at": "2021-07-15 13:03:20"
  },
  {
    "unique_id": "90acyjybgssli9gfo24x",
    "base_currency": "EUR",
    "second_currency": "AOA",
    "symbol": "AOA",
    "rate_of_conversion": 759.510551,
    "expression": null,
    "currency_name": null,
    "country_name": "Angola",
    "country_abbr": "AO",
    "created_at": "2021-07-15 07:18:21",
    "updated_at": "2021-07-15 13:03:20"
  },
  {
    "unique_id": "zlw1d5mmsuujduh6llcq",
    "base_currency": "EUR",
    "second_currency": "USD",
    "symbol": "$",
    "rate_of_conversion": 1.181198,
    "expression": null,
    "currency_name": null,
    "country_name": "American Samoa",
    "country_abbr": "AS",
    "created_at": "2021-07-15 07:18:21",
    "updated_at": "2021-07-15 13:03:20"
  },
  {
    "unique_id": "xh6gq2o0amjqqpft3ujq",
    "base_currency": "EUR",
    "second_currency": "ARS",
    "symbol": "AR$",
    "rate_of_conversion": 113.595332,
    "expression": null,
    "currency_name": null,
    "country_name": "Argentina",
    "country_abbr": "AR",
    "created_at": "2021-07-15 07:18:21",
    "updated_at": "2021-07-15 13:03:20"
  },
  {
    "unique_id": "s6gkkuiipdcbudy2hmhd",
    "base_currency": "EUR",
    "second_currency": "AUD",
    "symbol": "AU$",
    "rate_of_conversion": 1.58582,
    "expression": null,
    "currency_name": null,
    "country_name": "Australia",
    "country_abbr": "AU",
    "created_at": "2021-07-15 07:18:21",
    "updated_at": "2021-07-15 13:03:20"
  },
  {
    "unique_id": "h6ysjoft3rajsce1nakx",
    "base_currency": "EUR",
    "second_currency": "EUR",
    "symbol": "€",
    "rate_of_conversion": 1,
    "expression": null,
    "currency_name": null,
    "country_name": "Austria",
    "country_abbr": "AT",
    "created_at": "2021-07-15 07:18:21",
    "updated_at": "2021-07-15 13:03:20"
  },
  {
    "unique_id": "4iuwmt6ize4px7uzzm0d",
    "base_currency": "EUR",
    "second_currency": "AWG",
    "symbol": "AWG",
    "rate_of_conversion": 2.126156,
    "expression": null,
    "currency_name": null,
    "country_name": "Aruba",
    "country_abbr": "AW",
    "created_at": "2021-07-15 07:18:21",
    "updated_at": "2021-07-15 13:03:20"
  },
  {
    "unique_id": "z82ns40cfriosrekjonk",
    "base_currency": "EUR",
    "second_currency": "INR",
    "symbol": "Rs",
    "rate_of_conversion": 88.068349,
    "expression": null,
    "currency_name": null,
    "country_name": "India",
    "country_abbr": "IN",
    "created_at": "2021-07-15 07:18:21",
    "updated_at": "2021-07-15 13:03:20"
  },
  {
    "unique_id": "p4h2bnibctyr4ehmojfq",
    "base_currency": "EUR",
    "second_currency": "EUR",
    "symbol": "€",
    "rate_of_conversion": 1,
    "expression": null,
    "currency_name": null,
    "country_name": "Aland Islands",
    "country_abbr": "AX",
    "created_at": "2021-07-15 07:18:21",
    "updated_at": "2021-07-15 13:03:20"
  },
  {
    "unique_id": "u4chxqosn7z3z3w45gfb",
    "base_currency": "EUR",
    "second_currency": "AZN",
    "symbol": "man.",
    "rate_of_conversion": 2.003341,
    "expression": null,
    "currency_name": null,
    "country_name": "Azerbaijan",
    "country_abbr": "AZ",
    "created_at": "2021-07-15 07:18:21",
    "updated_at": "2021-07-15 13:03:20"
  },
  {
    "unique_id": "jzcu4o3cspw1bd6cesw8",
    "base_currency": "EUR",
    "second_currency": "EUR",
    "symbol": "€",
    "rate_of_conversion": 1,
    "expression": null,
    "currency_name": null,
    "country_name": "Ireland",
    "country_abbr": "IE",
    "created_at": "2021-07-15 07:18:21",
    "updated_at": "2021-07-15 13:03:20"
  },
  {
    "unique_id": "1nid7fksypwomk89742s",
    "base_currency": "EUR",
    "second_currency": "IDR",
    "symbol": "Rp",
    "rate_of_conversion": 17147.09577,
    "expression": null,
    "currency_name": null,
    "country_name": "Indonesia",
    "country_abbr": "ID",
    "created_at": "2021-07-15 07:18:21",
    "updated_at": "2021-07-15 13:03:20"
  },
  {
    "unique_id": "71cmvd10zx66shjr6mfu",
    "base_currency": "EUR",
    "second_currency": "UAH",
    "symbol": "₴",
    "rate_of_conversion": 32.224937,
    "expression": null,
    "currency_name": null,
    "country_name": "Ukraine",
    "country_abbr": "UA",
    "created_at": "2021-07-15 07:18:21",
    "updated_at": "2021-07-15 13:03:20"
  },
  {
    "unique_id": "xt4giardwk0ubqgwgwr8",
    "base_currency": "EUR",
    "second_currency": "QAR",
    "symbol": "QR",
    "rate_of_conversion": 4.300774,
    "expression": null,
    "currency_name": null,
    "country_name": "Qatar",
    "country_abbr": "QA",
    "created_at": "2021-07-15 07:18:21",
    "updated_at": "2021-07-15 13:03:20"
  },
  {
    "unique_id": "h8btzdm1f83ixn2inbhl",
    "base_currency": "EUR",
    "second_currency": "MZN",
    "symbol": "MTn",
    "rate_of_conversion": 75.100593,
    "expression": null,
    "currency_name": null,
    "country_name": "Mozambique",
    "country_abbr": "MZ",
    "created_at": "2021-07-15 07:18:21",
    "updated_at": "2021-07-15 13:03:20"
  }
]